{"type":"FeatureCollection","features":[{"type":"Feature","id":0,"geometry":{"type":"Point","coordinates":[-87.910578620962937,43.030397199551103]},"properties":{"FID":0,"Status":"M","Score":100,"Match_type":"A","Match_addr":"131 S 1ST ST, MILWAUKEE, WI, 53204","Addr_type":"StreetAddress","AddNum":"131","AddNumFrom":"131","AddNumTo":"155","Side":"R","StPreDir":"S","StPreType":" ","StName":"1ST","StType":"ST","StDir":" ","StAddr":"131 S 1ST ST","City":"MILWAUKEE","County":" ","State":"WI","StateAbbr":" ","ZIP":"53204","Country":"USA","LangCode":" ","Distance":0,"X":2558636.99652,"Y":382518.370069,"DisplayX":2558636.99652,"DisplayY":382518.370069,"Xmin":0,"Xmax":0,"Ymin":0,"Ymax":0,"ARC_Street":"131 S 1st ST","ARC_City":"MILWAUKEE","ARC_State":"WI","ARC_ZIP":"53204","ADDRESS":"131 S 1st ST","City_1":"MILWAUKEE","State_1":"WI","ZIP_1":53204,"SCH_ID":641,"SCHOOL_ID":441,"SCHOOL_NAM":"Milw Community Cyber","SHORT_NAM":"Milw Comm Cyber","SAGE":"N","CAPACITY_1":0,"SOS_Cluste":"Contracted","ENR_9_2019":172,"ENR_9_2017":160,"ENR_9_2016":174,"CLOSED":0,"OPENED":0,"IFAS_ID":" ","YR_RND":" ","CHOICE":0,"SCHOOL_TYP":"Contracted","PUBLIC_SCH":"Charter","SCHOOL_CLA":"9-12","MAPCLASS":"Charter Schools","POOL":0,"NON_INSTRU":0,"VACANT":0,"CAP_ENROLL":0,"COMMENTS":"Non-Instr","BUILDING_N":" ","SIFI":0,"Trans_Type":"CH","Active_Enr":0,"Active":0,"izones":"No Zone","Montessori":0,"WorldLangu":0,"Immersion":0}},{"type":"Feature","id":1,"geometry":{"type":"Point","coordinates":[-87.901878107989944,43.047003418642603]},"properties":{"FID":1,"Status":"M","Score":100,"Match_type":"A","Match_addr":"820 E KNAPP ST, MILWAUKEE, WI, 53202","Addr_type":"StreetAddress","AddNum":"820","AddNumFrom":"800","AddNumTo":"898","Side":"L","StPreDir":"E","StPreType":" ","StName":"KNAPP","StType":"ST","StDir":" ","StAddr":"820 E KNAPP ST","City":"MILWAUKEE","County":" ","State":"WI","StateAbbr":" ","ZIP":"53202","Country":"USA","LangCode":" ","Distance":0,"X":2560810.3110000002,"Y":388627.16616999998,"DisplayX":2560810.3110000002,"DisplayY":388627.16616999998,"Xmin":0,"Xmax":0,"Ymin":0,"Ymax":0,"ARC_Street":"820 E KNAPP ST","ARC_City":"MILWAUKEE","ARC_State":"WI","ARC_ZIP":"53202","ADDRESS":"820 E KNAPP ST","City_1":"MILWAUKEE","State_1":"WI","ZIP_1":53202,"SCH_ID":6,"SCHOOL_ID":6,"SCHOOL_NAM":"Lincoln Center of the Arts","SHORT_NAM":"Lincoln Arts","SAGE":"N","CAPACITY_1":941,"SOS_Cluste":"East","ENR_9_2019":621,"ENR_9_2017":672,"ENR_9_2016":695,"CLOSED":0,"OPENED":0,"IFAS_ID":"LN","YR_RND":" ","CHOICE":0,"SCHOOL_TYP":"Public","PUBLIC_SCH":"Specialty-Arts","SCHOOL_CLA":"6-8","MAPCLASS":"Public Schools","POOL":0,"NON_INSTRU":0,"VACANT":-13,"CAP_ENROLL":863,"COMMENTS":" ","BUILDING_N":"Lincoln Center of the  Arts","SIFI":2,"Trans_Type":"CW","Active_Enr":70,"Active":1,"izones":"Zone 6","Montessori":0,"WorldLangu":0,"Immersion":0}},{"type":"Feature","id":2,"geometry":{"type":"Point","coordinates":[-87.915438450829399,43.022983308858073]},"properties":{"FID":2,"Status":"M","Score":100,"Match_type":"A","Match_addr":"823 S 4TH ST, MILWAUKEE, WI, 53204","Addr_type":"StreetAddress","AddNum":"823","AddNumFrom":"801","AddNumTo":"899","Side":"R","StPreDir":"S","StPreType":" ","StName":"4TH","StType":"ST","StDir":" ","StAddr":"823 S 4TH ST","City":"MILWAUKEE","County":" ","State":"WI","StateAbbr":" ","ZIP":"53204","Country":"USA","LangCode":" ","Distance":0,"X":2557405.5387400002,"Y":379784.630427,"DisplayX":2557405.5387400002,"DisplayY":379784.630427,"Xmin":0,"Xmax":0,"Ymin":0,"Ymax":0,"ARC_Street":"823 S 4th ST","ARC_City":"MILWAUKEE","ARC_State":"WI","ARC_ZIP":"53204","ADDRESS":"823 S 4th ST","City_1":"MILWAUKEE","State_1":"WI","ZIP_1":53204,"SCH_ID":390,"SCHOOL_ID":390,"SCHOOL_NAM":"Vieau","SHORT_NAM":"Vieau","SAGE":"N","CAPACITY_1":587,"SOS_Cluste":"Southwest","ENR_9_2019":745,"ENR_9_2017":737,"ENR_9_2016":735,"CLOSED":0,"OPENED":0,"IFAS_ID":"VU","YR_RND":" ","CHOICE":0,"SCHOOL_TYP":"Public","PUBLIC_SCH":"Neighborhood","SCHOOL_CLA":"HS-8","MAPCLASS":"Public Schools","POOL":0,"NON_INSTRU":0,"VACANT":-1,"CAP_ENROLL":687,"COMMENTS":" ","BUILDING_N":"Vieau","SIFI":0,"Trans_Type":"RG","Active_Enr":131,"Active":1,"izones":"Zone 1","Montessori":0,"WorldLangu":0,"Immersion":0}},{"type":"Feature","id":3,"geometry":{"type":"Point","coordinates":[-87.902159955709152,43.05167993739262]},"properties":{"FID":3,"Status":"M","Score":100,"Match_type":"A","Match_addr":"1647 N CASS ST, MILWAUKEE, WI, 53202","Addr_type":"StreetAddress","AddNum":"1647","AddNumFrom":"1601","AddNumTo":"1649","Side":"L","StPreDir":"N","StPreType":" ","StName":"CASS","StType":"ST","StDir":" ","StAddr":"1647 N CASS ST","City":"MILWAUKEE","County":" ","State":"WI","StateAbbr":" ","ZIP":"53202","Country":"USA","LangCode":" ","Distance":0,"X":2560692.1212800001,"Y":390329.13770700002,"DisplayX":2560692.1212800001,"DisplayY":390329.13770700002,"Xmin":0,"Xmax":0,"Ymin":0,"Ymax":0,"ARC_Street":"1647 N CASS ST","ARC_City":"MILWAUKEE","ARC_State":"WI","ARC_ZIP":"53202","ADDRESS":"1647 N CASS ST","City_1":"MILWAUKEE","State_1":"WI","ZIP_1":53202,"SCH_ID":104,"SCHOOL_ID":104,"SCHOOL_NAM":"Cass St","SHORT_NAM":"Cass","SAGE":"Y","CAPACITY_1":484,"SOS_Cluste":"East","ENR_9_2019":366,"ENR_9_2017":429,"ENR_9_2016":359,"CLOSED":0,"OPENED":0,"IFAS_ID":"CS","YR_RND":" ","CHOICE":0,"SCHOOL_TYP":"Public","PUBLIC_SCH":"Neighborhood","SCHOOL_CLA":"K4-8","MAPCLASS":"Public Schools","POOL":0,"NON_INSTRU":0,"VACANT":40,"CAP_ENROLL":349,"COMMENTS":"7/1/2009, K4-8","BUILDING_N":"Cass","SIFI":0,"Trans_Type":"RG","Active_Enr":76,"Active":1,"izones":"Zone 5","Montessori":0,"WorldLangu":0,"Immersion":0}},{"type":"Feature","id":4,"geometry":{"type":"Point","coordinates":[-87.944203084446229,43.008623519327394]},"properties":{"FID":4,"Status":"M","Score":100,"Match_type":"A","Match_addr":"2430 W ROGERS ST, MILWAUKEE, WI, 53204","Addr_type":"StreetAddress","AddNum":"2430","AddNumFrom":"2400","AddNumTo":"2498","Side":"R","StPreDir":"W","StPreType":" ","StName":"ROGERS","StType":"ST","StDir":" ","StAddr":"2430 W ROGERS ST","City":"MILWAUKEE","County":" ","State":"WI","StateAbbr":" ","ZIP":"53204","Country":"USA","LangCode":" ","Distance":0,"X":2549844.9966099998,"Y":374361.716013,"DisplayX":2549844.9966099998,"DisplayY":374361.716013,"Xmin":0,"Xmax":0,"Ymin":0,"Ymax":0,"ARC_Street":"2430 W ROGERS ST","ARC_City":"MILWAUKEE","ARC_State":"WI","ARC_ZIP":"53204","ADDRESS":"2430 W ROGERS ST","City_1":"MILWAUKEE","State_1":"WI","ZIP_1":53204,"SCH_ID":318,"SCHOOL_ID":177,"SCHOOL_NAM":"Rogers Street Academy","SHORT_NAM":"Rogers","SAGE":"Y","CAPACITY_1":506,"SOS_Cluste":"Southwest","ENR_9_2019":639,"ENR_9_2017":656,"ENR_9_2016":657,"CLOSED":0,"OPENED":0,"IFAS_ID":"IS","YR_RND":" ","CHOICE":0,"SCHOOL_TYP":"Public","PUBLIC_SCH":"Neighborhood","SCHOOL_CLA":"K4-8","MAPCLASS":"Public Schools","POOL":0,"NON_INSTRU":0,"VACANT":-7,"CAP_ENROLL":633,"COMMENTS":"1-selection of 8th grade to be added in '08","BUILDING_N":"Rogers","SIFI":1,"Trans_Type":"RG","Active_Enr":135,"Active":1,"izones":"Zone 4","Montessori":0,"WorldLangu":0,"Immersion":0}},{"type":"Feature","id":5,"geometry":{"type":"Point","coordinates":[-87.939481283966614,43.020912355369013]},"properties":{"FID":5,"Status":"M","Score":100,"Match_type":"A","Match_addr":"1021 S 21ST ST, MILWAUKEE, WI, 53204","Addr_type":"StreetAddress","AddNum":"1021","AddNumFrom":"1001","AddNumTo":"1199","Side":"R","StPreDir":"S","StPreType":" ","StName":"21ST","StType":"ST","StDir":" ","StAddr":"1021 S 21ST ST","City":"MILWAUKEE","County":" ","State":"WI","StateAbbr":" ","ZIP":"53204","Country":"USA","LangCode":" ","Distance":0,"X":2550996.9004799998,"Y":378870.30266799999,"DisplayX":2550996.9004799998,"DisplayY":378870.30266799999,"Xmin":0,"Xmax":0,"Ymin":0,"Ymax":0,"ARC_Street":"1021 S 21st ST","ARC_City":"MILWAUKEE","ARC_State":"WI","ARC_ZIP":"53204","ADDRESS":"1021 S 21st ST","City_1":"MILWAUKEE","State_1":"WI","ZIP_1":53204,"SCH_ID":256,"SCHOOL_ID":256,"SCHOOL_NAM":"HW Longfellow","SHORT_NAM":"Longfellow","SAGE":"Y","CAPACITY_1":759,"SOS_Cluste":"Southwest","ENR_9_2019":822,"ENR_9_2017":847,"ENR_9_2016":892,"CLOSED":0,"OPENED":0,"IFAS_ID":"LO","YR_RND":" ","CHOICE":0,"SCHOOL_TYP":"Pbulci","PUBLIC_SCH":"Neighborhood","SCHOOL_CLA":"HS-8","MAPCLASS":"Public Schools","POOL":0,"NON_INSTRU":0,"VACANT":3,"CAP_ENROLL":903,"COMMENTS":" ","BUILDING_N":"Longfellow","SIFI":0,"Trans_Type":" ","Active_Enr":115,"Active":1,"izones":"Zone 4","Montessori":0,"WorldLangu":0,"Immersion":0}},{"type":"Feature","id":6,"geometry":{"type":"Point","coordinates":[-87.942232071304701,43.01212051520487]},"properties":{"FID":6,"Status":"M","Score":100,"Match_type":"A","Match_addr":"1728 S 23RD ST, MILWAUKEE, WI, 53204","Addr_type":"StreetAddress","AddNum":"1728","AddNumFrom":"1700","AddNumTo":"1798","Side":"L","StPreDir":"S","StPreType":" ","StName":"23RD","StType":"ST","StDir":" ","StAddr":"1728 S 23RD ST","City":"MILWAUKEE","County":" ","State":"WI","StateAbbr":" ","ZIP":"53204","Country":"USA","LangCode":" ","Distance":0,"X":2550340.5783699998,"Y":375648.84353399999,"DisplayX":2550340.5783699998,"DisplayY":375648.84353399999,"Xmin":0,"Xmax":0,"Ymin":0,"Ymax":0,"ARC_Street":"1728 S 23rd ST","ARC_City":"MILWAUKEE","ARC_State":"WI","ARC_ZIP":"53204","ADDRESS":"1728 S 23rd ST","City_1":"MILWAUKEE","State_1":"WI","ZIP_1":53204,"SCH_ID":274,"SCHOOL_ID":274,"SCHOOL_NAM":"Alexander Mitchell","SHORT_NAM":"Mitchell","SAGE":"Y","CAPACITY_1":614,"SOS_Cluste":"Southwest","ENR_9_2019":673,"ENR_9_2017":679,"ENR_9_2016":661,"CLOSED":0,"OPENED":0,"IFAS_ID":" ","YR_RND":" ","CHOICE":0,"SCHOOL_TYP":"Public","PUBLIC_SCH":"Neighborhood","SCHOOL_CLA":"HS-8","MAPCLASS":"Public Schools","POOL":0,"NON_INSTRU":0,"VACANT":0,"CAP_ENROLL":731,"COMMENTS":" ","BUILDING_N":"Mitchell","SIFI":0,"Trans_Type":"RG","Active_Enr":113,"Active":1,"izones":"Zone 4","Montessori":0,"WorldLangu":0,"Immersion":0}},{"type":"Feature","id":7,"geometry":{"type":"Point","coordinates":[-87.924036842289894,43.008240361207463]},"properties":{"FID":7,"Status":"M","Score":100,"Match_type":"A","Match_addr":"971 W WINDLAKE AV, MILWAUKEE, WI, 53204","Addr_type":"StreetAddress","AddNum":"971","AddNumFrom":"963","AddNumTo":"999","Side":"L","StPreDir":"W","StPreType":" ","StName":"WINDLAKE","StType":"AV","StDir":" ","StAddr":"971 W WINDLAKE AV","City":"MILWAUKEE","County":" ","State":"WI","StateAbbr":" ","ZIP":"53204","Country":"USA","LangCode":" ","Distance":0,"X":2555240.7203199998,"Y":374355.73097500001,"DisplayX":2555240.7203199998,"DisplayY":374355.73097500001,"Xmin":0,"Xmax":0,"Ymin":0,"Ymax":0,"ARC_Street":"971 W WINDLAKE AV","ARC_City":"MILWAUKEE","ARC_State":"WI","ARC_ZIP":"53204","ADDRESS":"971 W WINDLAKE AV","City_1":"MILWAUKEE","State_1":"WI","ZIP_1":53204,"SCH_ID":214,"SCHOOL_ID":214,"SCHOOL_NAM":"Hayes Bilingual","SHORT_NAM":"Hayes","SAGE":"Y","CAPACITY_1":705,"SOS_Cluste":"Southwest","ENR_9_2019":630,"ENR_9_2017":639,"ENR_9_2016":582,"CLOSED":0,"OPENED":0,"IFAS_ID":"HY","YR_RND":" ","CHOICE":0,"SCHOOL_TYP":"Public","PUBLIC_SCH":"Specialty-Bilingual","SCHOOL_CLA":"HS-8","MAPCLASS":"Public Schools","POOL":0,"NON_INSTRU":0,"VACANT":9,"CAP_ENROLL":371,"COMMENTS":"7/1/14 added Gr 8","BUILDING_N":"Hayes","SIFI":0,"Trans_Type":"CW","Active_Enr":90,"Active":1,"izones":"Zone 1","Montessori":0,"WorldLangu":0,"Immersion":0}},{"type":"Feature","id":8,"geometry":{"type":"Point","coordinates":[-87.926947568474858,43.021224383681343]},"properties":{"FID":8,"Status":"M","Score":100,"Match_type":"A","Match_addr":"1210 W MINERAL ST, MILWAUKEE, WI, 53204","Addr_type":"StreetAddress","AddNum":"1210","AddNumFrom":"1200","AddNumTo":"1298","Side":"R","StPreDir":"W","StPreType":" ","StName":"MINERAL","StType":"ST","StDir":" ","StAddr":"1210 W MINERAL ST","City":"MILWAUKEE","County":" ","State":"WI","StateAbbr":" ","ZIP":"53204","Country":"USA","LangCode":" ","Distance":0,"X":2554344.7874400001,"Y":379067.05482899997,"DisplayX":2554344.7874400001,"DisplayY":379067.05482899997,"Xmin":0,"Xmax":0,"Ymin":0,"Ymax":0,"ARC_Street":"1210 W MINERAL ST","ARC_City":"MILWAUKEE","ARC_State":"WI","ARC_ZIP":"53204","ADDRESS":"1210 W MINERAL ST","City_1":"MILWAUKEE","State_1":"WI","ZIP_1":53204,"SCH_ID":232,"SCHOOL_ID":232,"SCHOOL_NAM":"Albert E Kagel","SHORT_NAM":"Kagel","SAGE":"N","CAPACITY_1":307,"SOS_Cluste":"Southwest","ENR_9_2019":241,"ENR_9_2017":280,"ENR_9_2016":259,"CLOSED":0,"OPENED":0,"IFAS_ID":"KA","YR_RND":" ","CHOICE":0,"SCHOOL_TYP":"Public","PUBLIC_SCH":"Neighborhood","SCHOOL_CLA":"HS-5","MAPCLASS":"Public Schools","POOL":0,"NON_INSTRU":0,"VACANT":32,"CAP_ENROLL":370,"COMMENTS":" ","BUILDING_N":"Kagel","SIFI":0,"Trans_Type":"RG","Active_Enr":97,"Active":1,"izones":"Zone 3","Montessori":0,"WorldLangu":0,"Immersion":0}},{"type":"Feature","id":9,"geometry":{"type":"Point","coordinates":[-87.931299658868795,43.010349837107739]},"properties":{"FID":9,"Status":"M","Score":100,"Match_type":"A","Match_addr":"1516 W FOREST HOME AV, MILWAUKEE, WI, 53204","Addr_type":"StreetAddress","AddNum":"1516","AddNumFrom":"1500","AddNumTo":"1522","Side":"R","StPreDir":"W","StPreType":" ","StName":"FOREST HOME","StType":"AV","StDir":" ","StAddr":"1516 W FOREST HOME AV","City":"MILWAUKEE","County":" ","State":"WI","StateAbbr":" ","ZIP":"53204","Country":"USA","LangCode":" ","Distance":0,"X":2553279.63747,"Y":375076.04058500001,"DisplayX":2553279.63747,"DisplayY":375076.04058500001,"Xmin":0,"Xmax":0,"Ymin":0,"Ymax":0,"ARC_Street":"1516 W FOREST HOME AV","ARC_City":"MILWAUKEE","ARC_State":"WI","ARC_ZIP":"53204","ADDRESS":"1516 W FOREST HOME AV","City_1":"MILWAUKEE","State_1":"WI","ZIP_1":53204,"SCH_ID":173,"SCHOOL_ID":173,"SCHOOL_NAM":"Forest Home Av","SHORT_NAM":"Forest Home","SAGE":"Y","CAPACITY_1":651,"SOS_Cluste":"Southwest","ENR_9_2019":688,"ENR_9_2017":692,"ENR_9_2016":755,"CLOSED":0,"OPENED":0,"IFAS_ID":"FH","YR_RND":" ","CHOICE":0,"SCHOOL_TYP":"Public","PUBLIC_SCH":"Neighborhood","SCHOOL_CLA":"HS-5","MAPCLASS":"Public Schools","POOL":0,"NON_INSTRU":0,"VACANT":-5,"CAP_ENROLL":835,"COMMENTS":" ","BUILDING_N":"Forest Home","SIFI":1,"Trans_Type":"RG","Active_Enr":115,"Active":1,"izones":"Zone 1","Montessori":0,"WorldLangu":0,"Immersion":0}},{"type":"Feature","id":10,"geometry":{"type":"Point","coordinates":[-87.920255944931398,43.014220161216613]},"properties":{"FID":10,"Status":"M","Score":100,"Match_type":"A","Match_addr":"730 W LAPHAM BL, MILWAUKEE, WI, 53204","Addr_type":"StreetAddress","AddNum":"730","AddNumFrom":"700","AddNumTo":"798","Side":"R","StPreDir":"W","StPreType":" ","StName":"LAPHAM","StType":"BL","StDir":" ","StAddr":"730 W LAPHAM BL","City":"MILWAUKEE","County":" ","State":"WI","StateAbbr":" ","ZIP":"53204","Country":"USA","LangCode":" ","Distance":0,"X":2556197.3463599999,"Y":376559.64570200001,"DisplayX":2556197.3463599999,"DisplayY":376559.64570200001,"Xmin":0,"Xmax":0,"Ymin":0,"Ymax":0,"ARC_Street":"730 W LAPHAM BL","ARC_City":"MILWAUKEE","ARC_State":"WI","ARC_ZIP":"53204","ADDRESS":"730 W LAPHAM BL","City_1":"MILWAUKEE","State_1":"WI","ZIP_1":53204,"SCH_ID":73,"SCHOOL_ID":73,"SCHOOL_NAM":"Allen-Field","SHORT_NAM":"Allen-Field","SAGE":"Y","CAPACITY_1":678,"SOS_Cluste":"Southwest","ENR_9_2019":566,"ENR_9_2017":639,"ENR_9_2016":670,"CLOSED":0,"OPENED":0,"IFAS_ID":"AF","YR_RND":" ","CHOICE":0,"SCHOOL_TYP":"Public","PUBLIC_SCH":"Neighborhood","SCHOOL_CLA":"HS-5","MAPCLASS":"Public Schools","POOL":0,"NON_INSTRU":0,"VACANT":13,"CAP_ENROLL":805,"COMMENTS":"7/1/2009, K4-5","BUILDING_N":"Allen-Field","SIFI":0,"Trans_Type":"RG","Active_Enr":95,"Active":1,"izones":"Zone 1","Montessori":0,"WorldLangu":0,"Immersion":0}},{"type":"Feature","id":11,"geometry":{"type":"Point","coordinates":[-87.931141358671582,43.01427192901744]},"properties":{"FID":11,"Status":"M","Score":100,"Match_type":"A","Match_addr":"1515 W LAPHAM BL, MILWAUKEE, WI, 53204","Addr_type":"StreetAddress","AddNum":"1515","AddNumFrom":"1501","AddNumTo":"1549","Side":"L","StPreDir":"W","StPreType":" ","StName":"LAPHAM","StType":"BL","StDir":" ","StAddr":"1515 W LAPHAM BL","City":"MILWAUKEE","County":" ","State":"WI","StateAbbr":" ","ZIP":"53204","Country":"USA","LangCode":" ","Distance":0,"X":2553286.5030100001,"Y":376506.09519700002,"DisplayX":2553286.5030100001,"DisplayY":376506.09519700002,"Xmin":0,"Xmax":0,"Ymin":0,"Ymax":0,"ARC_Street":"1515 W LAPHAM BL","ARC_City":"MILWAUKEE","ARC_State":"WI","ARC_ZIP":"53204","ADDRESS":"1515 W LAPHAM BL","City_1":"MILWAUKEE","State_1":"WI","ZIP_1":53204,"SCH_ID":32,"SCHOOL_ID":32,"SCHOOL_NAM":"South Division Acceleration","SHORT_NAM":"South Division Acceleration","SAGE":"N","CAPACITY_1":1579,"SOS_Cluste":"High School","ENR_9_2019":36,"ENR_9_2017":77,"ENR_9_2016":1381,"CLOSED":0,"OPENED":0,"IFAS_ID":"SD","YR_RND":" ","CHOICE":0,"SCHOOL_TYP":"Public","PUBLIC_SCH":"Alternative","SCHOOL_CLA":"9-12","MAPCLASS":"Public Schools","POOL":0,"NON_INSTRU":0,"VACANT":8,"CAP_ENROLL":1214,"COMMENTS":"7/1/14 merge w/ALAS at same addr, new=Commitment Sch","BUILDING_N":"South Division","SIFI":2,"Trans_Type":"HS","Active_Enr":0,"Active":1,"izones":"Zone 7","Montessori":0,"WorldLangu":1,"Immersion":0}},{"type":"Feature","id":12,"geometry":{"type":"Point","coordinates":[-87.931141358671582,43.01427192901744]},"properties":{"FID":12,"Status":"M","Score":100,"Match_type":"A","Match_addr":"1515 W LAPHAM BL, MILWAUKEE, WI, 53204","Addr_type":"StreetAddress","AddNum":"1515","AddNumFrom":"1501","AddNumTo":"1549","Side":"L","StPreDir":"W","StPreType":" ","StName":"LAPHAM","StType":"BL","StDir":" ","StAddr":"1515 W LAPHAM BL","City":"MILWAUKEE","County":" ","State":"WI","StateAbbr":" ","ZIP":"53204","Country":"USA","LangCode":" ","Distance":0,"X":2553286.5030100001,"Y":376506.09519700002,"DisplayX":2553286.5030100001,"DisplayY":376506.09519700002,"Xmin":0,"Xmax":0,"Ymin":0,"Ymax":0,"ARC_Street":"1515 W LAPHAM BL","ARC_City":"MILWAUKEE","ARC_State":"WI","ARC_ZIP":"53204","ADDRESS":"1515 W LAPHAM BL","City_1":"MILWAUKEE","State_1":"WI","ZIP_1":53204,"SCH_ID":32,"SCHOOL_ID":32,"SCHOOL_NAM":"South Division","SHORT_NAM":"South Division","SAGE":"N","CAPACITY_1":1579,"SOS_Cluste":"High School","ENR_9_2019":797,"ENR_9_2017":1046,"ENR_9_2016":1381,"CLOSED":0,"OPENED":0,"IFAS_ID":"SD","YR_RND":" ","CHOICE":0,"SCHOOL_TYP":"Public","PUBLIC_SCH":"Neighborhood","SCHOOL_CLA":"9-12","MAPCLASS":"Public Schools","POOL":0,"NON_INSTRU":0,"VACANT":8,"CAP_ENROLL":1214,"COMMENTS":"7/1/14 merge w/ALAS at same addr, new=Commitment Sch","BUILDING_N":"South Division","SIFI":2,"Trans_Type":"HS","Active_Enr":70,"Active":1,"izones":"Zone 7","Montessori":0,"WorldLangu":1,"Immersion":0}},{"type":"Feature","id":13,"geometry":{"type":"Point","coordinates":[-87.915369975009256,43.024164505502121]},"properties":{"FID":13,"Status":"M","Score":100,"Match_type":"A","Match_addr":"700 S 4TH ST, MILWAUKEE, WI, 53204","Addr_type":"StreetAddress","AddNum":"700","AddNumFrom":"700","AddNumTo":"798","Side":"L","StPreDir":"S","StPreType":" ","StName":"4TH","StType":"ST","StDir":" ","StAddr":"700 S 4TH ST","City":"MILWAUKEE","County":" ","State":"WI","StateAbbr":" ","ZIP":"53204","Country":"USA","LangCode":" ","Distance":0,"X":2557413.0830399999,"Y":380215.45249,"DisplayX":2557413.0830399999,"DisplayY":380215.45249,"Xmin":0,"Xmax":0,"Ymin":0,"Ymax":0,"ARC_Street":"700 S 4th ST","ARC_City":"MILWAUKEE","ARC_State":"WI","ARC_ZIP":"53204","ADDRESS":"700 S 4th ST","City_1":"MILWAUKEE","State_1":"WI","ZIP_1":53204,"SCH_ID":14,"SCHOOL_ID":14,"SCHOOL_NAM":"Lynde & Harry Bradley Technical","SHORT_NAM":"Bradley Tech","SAGE":"N","CAPACITY_1":891,"SOS_Cluste":"High School","ENR_9_2019":1021,"ENR_9_2017":914,"ENR_9_2016":872,"CLOSED":0,"OPENED":0,"IFAS_ID":"MT","YR_RND":" ","CHOICE":0,"SCHOOL_TYP":"Public","PUBLIC_SCH":"Specialty-Tech","SCHOOL_CLA":"9-12","MAPCLASS":"Public Schools","POOL":0,"NON_INSTRU":0,"VACANT":2,"CAP_ENROLL":1243,"COMMENTS":"7/1/14 Commitment Sch","BUILDING_N":"Bradley Tech","SIFI":1,"Trans_Type":"CW","Active_Enr":96,"Active":1,"izones":"Zone 7","Montessori":0,"WorldLangu":1,"Immersion":0}},{"type":"Feature","id":14,"geometry":{"type":"Point","coordinates":[-87.946543001268083,43.059258163797821]},"properties":{"FID":14,"Status":"M","Score":100,"Match_type":"A","Match_addr":"2616 W GARFIELD AV, MILWAUKEE, WI, 53205","Addr_type":"StreetAddress","AddNum":"2616","AddNumFrom":"2600","AddNumTo":"2698","Side":"R","StPreDir":"W","StPreType":" ","StName":"GARFIELD","StType":"AV","StDir":" ","StAddr":"2616 W GARFIELD AV","City":"MILWAUKEE","County":" ","State":"WI","StateAbbr":" ","ZIP":"53205","Country":"USA","LangCode":" ","Distance":0,"X":2548764.9238200001,"Y":392795.010221,"DisplayX":2548764.9238200001,"DisplayY":392795.010221,"Xmin":0,"Xmax":0,"Ymin":0,"Ymax":0,"ARC_Street":"2616 W GARFIELD AV","ARC_City":"MILWAUKEE","ARC_State":"WI","ARC_ZIP":"53205","ADDRESS":"2616 W GARFIELD AV","City_1":"MILWAUKEE","State_1":"WI","ZIP_1":53205,"SCH_ID":149,"SCHOOL_ID":149,"SCHOOL_NAM":"Frances Brock Starms ECC","SHORT_NAM":"Starms EC","SAGE":"Y","CAPACITY_1":247,"SOS_Cluste":"Central","ENR_9_2019":281,"ENR_9_2017":306,"ENR_9_2016":294,"CLOSED":0,"OPENED":0,"IFAS_ID":"SC","YR_RND":"Y","CHOICE":0,"SCHOOL_TYP":"Public","PUBLIC_SCH":"Neighborhood Specialty","SCHOOL_CLA":"K3-K5","MAPCLASS":"Public Schools","POOL":0,"NON_INSTRU":0,"VACANT":10,"CAP_ENROLL":315,"COMMENTS":" ","BUILDING_N":"Starms ECC","SIFI":0,"Trans_Type":"NS","Active_Enr":100,"Active":1,"izones":"Zone 3","Montessori":0,"WorldLangu":0,"Immersion":0}},{"type":"Feature","id":15,"geometry":{"type":"Point","coordinates":[-87.912590308888412,43.013402050922046]},"properties":{"FID":15,"Status":"M","Score":100,"Match_type":"A","Match_addr":"1643 S 2ND ST, MILWAUKEE, WI, 53204","Addr_type":"StreetAddress","AddNum":"1643","AddNumFrom":"1601","AddNumTo":"1699","Side":"R","StPreDir":"S","StPreType":" ","StName":"2ND","StType":"ST","StDir":" ","StAddr":"1643 S 2ND ST","City":"MILWAUKEE","County":" ","State":"WI","StateAbbr":" ","ZIP":"53204","Country":"USA","LangCode":" ","Distance":0,"X":2558254.3240299998,"Y":376312.791883,"DisplayX":2558254.3240299998,"DisplayY":376312.791883,"Xmin":0,"Xmax":0,"Ymin":0,"Ymax":0,"ARC_Street":"1643 S 2nd ST","ARC_City":"MILWAUKEE","ARC_State":"WI","ARC_ZIP":"53204","ADDRESS":"1643 S 2nd ST","City_1":"MILWAUKEE","State_1":"WI","ZIP_1":53204,"SCH_ID":672,"SCHOOL_ID":1121,"SCHOOL_NAM":"LaCausa Charter","SHORT_NAM":"LaCausa","SAGE":"N","CAPACITY_1":0,"SOS_Cluste":"Contracted","ENR_9_2019":736,"ENR_9_2017":794,"ENR_9_2016":801,"CLOSED":0,"OPENED":0,"IFAS_ID":" ","YR_RND":" ","CHOICE":0,"SCHOOL_TYP":"Contracted","PUBLIC_SCH":"Charter","SCHOOL_CLA":"K4-8","MAPCLASS":"Charter Schools","POOL":0,"NON_INSTRU":0,"VACANT":0,"CAP_ENROLL":0,"COMMENTS":"Non-Instr; 7/30/15 max cap 810","BUILDING_N":" ","SIFI":0,"Trans_Type":"CH","Active_Enr":1,"Active":1,"izones":"No Zone","Montessori":0,"WorldLangu":0,"Immersion":0}},{"type":"Feature","id":16,"geometry":{"type":"Point","coordinates":[-87.921284690016421,43.01706625417161]},"properties":{"FID":16,"Status":"M","Score":100,"Match_type":"A","Match_addr":"809 W GREENFIELD AV, MILWAUKEE, WI, 53204","Addr_type":"StreetAddress","AddNum":"809","AddNumFrom":"801","AddNumTo":"899","Side":"L","StPreDir":"W","StPreType":" ","StName":"GREENFIELD","StType":"AV","StDir":" ","StAddr":"809 W GREENFIELD AV","City":"MILWAUKEE","County":" ","State":"WI","StateAbbr":" ","ZIP":"53204","Country":"USA","LangCode":" ","Distance":0,"X":2555896.4413000001,"Y":377589.749793,"DisplayX":2555896.4413000001,"DisplayY":377589.749793,"Xmin":0,"Xmax":0,"Ymin":0,"Ymax":0,"ARC_Street":"809 W GREENFIELD AV","ARC_City":"MILWAUKEE","ARC_State":"WI","ARC_ZIP":"53204","ADDRESS":"809 W GREENFIELD AV","City_1":"MILWAUKEE","State_1":"WI","ZIP_1":53204,"SCH_ID":999,"SCHOOL_ID":1121,"SCHOOL_NAM":"LaCausa Charter","SHORT_NAM":"LaCausa","SAGE":"N","CAPACITY_1":0,"SOS_Cluste":"Contracted","ENR_9_2019":736,"ENR_9_2017":794,"ENR_9_2016":0,"CLOSED":0,"OPENED":0,"IFAS_ID":" ","YR_RND":" ","CHOICE":0,"SCHOOL_TYP":"Contracted","PUBLIC_SCH":"Charter","SCHOOL_CLA":"K4-8","MAPCLASS":"Charter Schools","POOL":0,"NON_INSTRU":0,"VACANT":0,"CAP_ENROLL":0,"COMMENTS":" ","BUILDING_N":" ","SIFI":0,"Trans_Type":" ","Active_Enr":1,"Active":1,"izones":"No Zone","Montessori":0,"WorldLangu":0,"Immersion":0}},{"type":"Feature","id":17,"geometry":{"type":"Point","coordinates":[-87.921723148564439,43.052652945523157]},"properties":{"FID":17,"Status":"M","Score":100,"Match_type":"A","Match_addr":"850 W WALNUT ST, MILWAUKEE, WI, 53205","Addr_type":"StreetAddress","AddNum":"850","AddNumFrom":"800","AddNumTo":"998","Side":"R","StPreDir":"W","StPreType":" ","StName":"WALNUT","StType":"ST","StDir":" ","StAddr":"850 W WALNUT ST","City":"MILWAUKEE","County":" ","State":"WI","StateAbbr":" ","ZIP":"53205","Country":"USA","LangCode":" ","Distance":0,"X":2555456.0007699998,"Y":390552.729918,"DisplayX":2555456.0007699998,"DisplayY":390552.729918,"Xmin":0,"Xmax":0,"Ymin":0,"Ymax":0,"ARC_Street":"850 W WALNUT ST","ARC_City":"MILWAUKEE","ARC_State":"WI","ARC_ZIP":"53205","ADDRESS":"850 W WALNUT ST","City_1":"MILWAUKEE","State_1":"WI","ZIP_1":53205,"SCH_ID":42,"SCHOOL_ID":413,"SCHOOL_NAM":"Alliance","SHORT_NAM":"Alliance","SAGE":"N","CAPACITY_1":172,"SOS_Cluste":"High School","ENR_9_2019":189,"ENR_9_2017":203,"ENR_9_2016":197,"CLOSED":0,"OPENED":0,"IFAS_ID":"A4","YR_RND":"Y","CHOICE":0,"SCHOOL_TYP":"Public","PUBLIC_SCH":"Charter","SCHOOL_CLA":"9-12","MAPCLASS":"Charter Schools","POOL":0,"NON_INSTRU":0,"VACANT":0,"CAP_ENROLL":166,"COMMENTS":"7/1/14 eliminate Gr 8; 7/30/15 Instr charter Gr 9-12, max cap 175","BUILDING_N":"Alliance","SIFI":0,"Trans_Type":"CH","Active_Enr":125,"Active":1,"izones":"Zone 6","Montessori":0,"WorldLangu":1,"Immersion":0}},{"type":"Feature","id":18,"geometry":{"type":"Point","coordinates":[-87.927530196182133,43.057948975131978]},"properties":{"FID":18,"Status":"M","Score":100,"Match_type":"A","Match_addr":"1228 W LLOYD ST, MILWAUKEE, WI, 53205","Addr_type":"StreetAddress","AddNum":"1228","AddNumFrom":"1200","AddNumTo":"1268","Side":"R","StPreDir":"W","StPreType":" ","StName":"LLOYD","StType":"ST","StDir":" ","StAddr":"1228 W LLOYD ST","City":"MILWAUKEE","County":" ","State":"WI","StateAbbr":" ","ZIP":"53205","Country":"USA","LangCode":" ","Distance":0,"X":2553856.4098299998,"Y":392443.70258600003,"DisplayX":2553856.4098299998,"DisplayY":392443.70258600003,"Xmin":0,"Xmax":0,"Ymin":0,"Ymax":0,"ARC_Street":"1228 W LLOYD ST","ARC_City":"MILWAUKEE","ARC_State":"WI","ARC_ZIP":"53205","ADDRESS":"1228 W LLOYD ST","City_1":"MILWAUKEE","State_1":"WI","ZIP_1":53205,"SCH_ID":667,"SCHOOL_ID":145,"SCHOOL_NAM":"Milw College Prep-Lloyd St","SHORT_NAM":"Milw College Prep-Lloyd","SAGE":"N","CAPACITY_1":445,"SOS_Cluste":"Contracted","ENR_9_2019":496,"ENR_9_2017":496,"ENR_9_2016":491,"CLOSED":0,"OPENED":0,"IFAS_ID":" ","YR_RND":" ","CHOICE":0,"SCHOOL_TYP":"Contracted","PUBLIC_SCH":"Charter","SCHOOL_CLA":"K4-8","MAPCLASS":"Charter Schools","POOL":0,"NON_INSTRU":0,"VACANT":0,"CAP_ENROLL":0,"COMMENTS":"new school; Non-Instr","BUILDING_N":"Lindsey Hts Campus","SIFI":0,"Trans_Type":"CH","Active_Enr":0,"Active":1,"izones":"No Zone","Montessori":0,"WorldLangu":0,"Immersion":0}},{"type":"Feature","id":19,"geometry":{"type":"Point","coordinates":[-87.930025424115286,43.050636504620066]},"properties":{"FID":19,"Status":"M","Score":100,"Match_type":"A","Match_addr":"1547 N 14TH ST, MILWAUKEE, WI, 53205","Addr_type":"StreetAddress","AddNum":"1547","AddNumFrom":"1501","AddNumTo":"1599","Side":"L","StPreDir":"N","StPreType":" ","StName":"14TH","StType":"ST","StDir":" ","StAddr":"1547 N 14TH ST","City":"MILWAUKEE","County":" ","State":"WI","StateAbbr":" ","ZIP":"53205","Country":"USA","LangCode":" ","Distance":0,"X":2553255.9005900002,"Y":389762.85416799999,"DisplayX":2553255.9005900002,"DisplayY":389762.85416799999,"Xmin":0,"Xmax":0,"Ymin":0,"Ymax":0,"ARC_Street":"1547 N 14th ST","ARC_City":"MILWAUKEE","ARC_State":"WI","ARC_ZIP":"53205","ADDRESS":"1547 N 14th ST","City_1":"MILWAUKEE","State_1":"WI","ZIP_1":53205,"SCH_ID":322,"SCHOOL_ID":107,"SCHOOL_NAM":"Siefert","SHORT_NAM":"Siefert","SAGE":"Y","CAPACITY_1":526,"SOS_Cluste":"East","ENR_9_2019":301,"ENR_9_2017":317,"ENR_9_2016":252,"CLOSED":0,"OPENED":0,"IFAS_ID":"SF","YR_RND":" ","CHOICE":0,"SCHOOL_TYP":"Public","PUBLIC_SCH":"Neighborhood","SCHOOL_CLA":"HS-5","MAPCLASS":"Public Schools","POOL":0,"NON_INSTRU":0,"VACANT":40,"CAP_ENROLL":281,"COMMENTS":" ","BUILDING_N":"Siefert","SIFI":0,"Trans_Type":"RG","Active_Enr":45,"Active":1,"izones":"Zone 2","Montessori":0,"WorldLangu":0,"Immersion":0}},{"type":"Feature","id":20,"geometry":{"type":"Point","coordinates":[-87.920908399812234,43.05264701117521]},"properties":{"FID":20,"Status":"M","Score":100,"Match_type":"A","Match_addr":"800 W WALNUT ST, MILWAUKEE, WI, 53205","Addr_type":"StreetAddress","AddNum":"800","AddNumFrom":"800","AddNumTo":"998","Side":"R","StPreDir":"W","StPreType":" ","StName":"WALNUT","StType":"ST","StDir":" ","StAddr":"800 W WALNUT ST","City":"MILWAUKEE","County":" ","State":"WI","StateAbbr":" ","ZIP":"53205","Country":"USA","LangCode":" ","Distance":0,"X":2555673.7525300002,"Y":390555.99557899998,"DisplayX":2555673.7525300002,"DisplayY":390555.99557899998,"Xmin":0,"Xmax":0,"Ymin":0,"Ymax":0,"ARC_Street":"800 W WALNUT ST","ARC_City":"MILWAUKEE","ARC_State":"WI","ARC_ZIP":"53205","ADDRESS":"800 W WALNUT ST","City_1":"MILWAUKEE","State_1":"WI","ZIP_1":53205,"SCH_ID":59,"SCHOOL_ID":59,"SCHOOL_NAM":"Roosevelt","SHORT_NAM":"Roosevelt MS","SAGE":"N","CAPACITY_1":901,"SOS_Cluste":"East","ENR_9_2019":372,"ENR_9_2017":399,"ENR_9_2016":325,"CLOSED":0,"OPENED":0,"IFAS_ID":"RV","YR_RND":" ","CHOICE":0,"SCHOOL_TYP":"Public","PUBLIC_SCH":"Specialty-Arts","SCHOOL_CLA":"6-8","MAPCLASS":"Public Schools","POOL":0,"NON_INSTRU":0,"VACANT":-41,"CAP_ENROLL":782,"COMMENTS":"7/1/14 eliminate Gr 6","BUILDING_N":"Roosevelt","SIFI":3,"Trans_Type":"CW","Active_Enr":42,"Active":1,"izones":"Zone 6","Montessori":0,"WorldLangu":0,"Immersion":0}},{"type":"Feature","id":21,"geometry":{"type":"Point","coordinates":[-87.929100013198408,43.060486343257004]},"properties":{"FID":21,"Status":"M","Score":100,"Match_type":"A","Match_addr":"1350 W NORTH AV, MILWAUKEE, WI, 53205","Addr_type":"StreetAddress","AddNum":"1350","AddNumFrom":"1328","AddNumTo":"1398","Side":"R","StPreDir":"W","StPreType":" ","StName":"NORTH","StType":"AV","StDir":" ","StAddr":"1350 W NORTH AV","City":"MILWAUKEE","County":" ","State":"WI","StateAbbr":" ","ZIP":"53205","Country":"USA","LangCode":" ","Distance":0,"X":2553414.03155,"Y":393357.76655200002,"DisplayX":2553414.03155,"DisplayY":393357.76655200002,"Xmin":0,"Xmax":0,"Ymin":0,"Ymax":0,"ARC_Street":"1350 W NORTH AV","ARC_City":"MILWAUKEE","ARC_State":"WI","ARC_ZIP":"53205","ADDRESS":"1350 W NORTH AV","City_1":"MILWAUKEE","State_1":"WI","ZIP_1":53205,"SCH_ID":999,"SCHOOL_ID":121,"SCHOOL_NAM":"Milw College Prep-Lola Rowe North","SHORT_NAM":"Milw College Prep--Lola Rowe","SAGE":"N","CAPACITY_1":500,"SOS_Cluste":"Contracted","ENR_9_2019":488,"ENR_9_2017":499,"ENR_9_2016":0,"CLOSED":0,"OPENED":0,"IFAS_ID":" ","YR_RND":" ","CHOICE":0,"SCHOOL_TYP":"Contracted","PUBLIC_SCH":"Charter","SCHOOL_CLA":"K4-8","MAPCLASS":"Charter Schools","POOL":0,"NON_INSTRU":0,"VACANT":0,"CAP_ENROLL":0,"COMMENTS":" ","BUILDING_N":"Loka Rowe North","SIFI":0,"Trans_Type":" ","Active_Enr":0,"Active":1,"izones":"No Zone","Montessori":0,"WorldLangu":0,"Immersion":0}},{"type":"Feature","id":22,"geometry":{"type":"Point","coordinates":[-87.93278705517848,43.053551187665654]},"properties":{"FID":22,"Status":"M","Score":100,"Match_type":"A","Match_addr":"1749 N 16TH ST, MILWAUKEE, WI, 53205","Addr_type":"StreetAddress","AddNum":"1749","AddNumFrom":"1719","AddNumTo":"1829","Side":"L","StPreDir":"N","StPreType":" ","StName":"16TH","StType":"ST","StDir":" ","StAddr":"1749 N 16TH ST","City":"MILWAUKEE","County":" ","State":"WI","StateAbbr":" ","ZIP":"53205","Country":"USA","LangCode":" ","Distance":0,"X":2552491.6443099999,"Y":390806.50533499999,"DisplayX":2552491.6443099999,"DisplayY":390806.50533499999,"Xmin":0,"Xmax":0,"Ymin":0,"Ymax":0,"ARC_Street":"1749 N 16th ST","ARC_City":"MILWAUKEE","ARC_State":"WI","ARC_ZIP":"53205","ADDRESS":"1749 N 16th ST","City_1":"MILWAUKEE","State_1":"WI","ZIP_1":53205,"SCH_ID":432,"SCHOOL_ID":1074,"SCHOOL_NAM":"Shalom High School","SHORT_NAM":"Shalom","SAGE":"N","CAPACITY_1":0,"SOS_Cluste":"Contracted","ENR_9_2019":88,"ENR_9_2017":116,"ENR_9_2016":117,"CLOSED":0,"OPENED":0,"IFAS_ID":"S4","YR_RND":" ","CHOICE":0,"SCHOOL_TYP":"Contracted","PUBLIC_SCH":"Alternative","SCHOOL_CLA":"9-12","MAPCLASS":"Partnership School","POOL":0,"NON_INSTRU":0,"VACANT":0,"CAP_ENROLL":0,"COMMENTS":" ","BUILDING_N":" ","SIFI":0,"Trans_Type":" ","Active_Enr":0,"Active":1,"izones":"No Zone","Montessori":0,"WorldLangu":0,"Immersion":0}},{"type":"Feature","id":23,"geometry":{"type":"Point","coordinates":[-87.922537896217051,43.05265887491062]},"properties":{"FID":23,"Status":"M","Score":100,"Match_type":"A","Match_addr":"900 W WALNUT ST, MILWAUKEE, WI, 53205","Addr_type":"StreetAddress","AddNum":"900","AddNumFrom":"800","AddNumTo":"998","Side":"R","StPreDir":"W","StPreType":" ","StName":"WALNUT","StType":"ST","StDir":" ","StAddr":"900 W WALNUT ST","City":"MILWAUKEE","County":" ","State":"WI","StateAbbr":" ","ZIP":"53205","Country":"USA","LangCode":" ","Distance":0,"X":2555238.2490099999,"Y":390549.46425700001,"DisplayX":2555238.2490099999,"DisplayY":390549.46425700001,"Xmin":0,"Xmax":0,"Ymin":0,"Ymax":0,"ARC_Street":"900 W WALNUT ST","ARC_City":"MILWAUKEE","ARC_State":"WI","ARC_ZIP":"53205","ADDRESS":"900 W WALNUT ST","City_1":"MILWAUKEE","State_1":"WI","ZIP_1":53205,"SCH_ID":148,"SCHOOL_ID":148,"SCHOOL_NAM":"Elm Creative Arts","SHORT_NAM":"Elm","SAGE":"N","CAPACITY_1":587,"SOS_Cluste":"East","ENR_9_2019":303,"ENR_9_2017":442,"ENR_9_2016":477,"CLOSED":0,"OPENED":0,"IFAS_ID":"EL","YR_RND":" ","CHOICE":0,"SCHOOL_TYP":"Public","PUBLIC_SCH":"Specialty-Arts","SCHOOL_CLA":"K4-5","MAPCLASS":"Public Schools","POOL":0,"NON_INSTRU":0,"VACANT":3,"CAP_ENROLL":577,"COMMENTS":" ","BUILDING_N":"Elm","SIFI":0,"Trans_Type":"CW","Active_Enr":74,"Active":1,"izones":"Zone 5","Montessori":0,"WorldLangu":0,"Immersion":0}},{"type":"Feature","id":24,"geometry":{"type":"Point","coordinates":[-87.945089850481025,43.056915868112306]},"properties":{"FID":24,"Status":"M","Score":100,"Match_type":"A","Match_addr":"2035 N 25TH ST, MILWAUKEE, WI, 53205","Addr_type":"StreetAddress","AddNum":"2035","AddNumFrom":"2001","AddNumTo":"2099","Side":"L","StPreDir":"N","StPreType":" ","StName":"25TH","StType":"ST","StDir":" ","StAddr":"2035 N 25TH ST","City":"MILWAUKEE","County":" ","State":"WI","StateAbbr":" ","ZIP":"53205","Country":"USA","LangCode":" ","Distance":0,"X":2549174.1961500002,"Y":391951.16049500002,"DisplayX":2549174.1961500002,"DisplayY":391951.16049500002,"Xmin":0,"Xmax":0,"Ymin":0,"Ymax":0,"ARC_Street":"2035 N 25th ST","ARC_City":"MILWAUKEE","ARC_State":"WI","ARC_ZIP":"53205","ADDRESS":"2035 N 25th ST","City_1":"MILWAUKEE","State_1":"WI","ZIP_1":53205,"SCH_ID":312,"SCHOOL_ID":312,"SCHOOL_NAM":"Frances Brock Starms Discovery","SHORT_NAM":"Starms DLC","SAGE":"Y","CAPACITY_1":641,"SOS_Cluste":"Central","ENR_9_2019":282,"ENR_9_2017":348,"ENR_9_2016":401,"CLOSED":0,"OPENED":0,"IFAS_ID":"ST","YR_RND":"Y","CHOICE":0,"SCHOOL_TYP":"Public","PUBLIC_SCH":"Neighborhood Specialty","SCHOOL_CLA":"1-8","MAPCLASS":"Public Schools","POOL":0,"NON_INSTRU":0,"VACANT":-36,"CAP_ENROLL":430,"COMMENTS":"Orig bldg designed for 2-schools with enrollment of 350 each(700 total bldg)","BUILDING_N":"Starms Disc","SIFI":2,"Trans_Type":"NS","Active_Enr":78,"Active":1,"izones":"Zone 3","Montessori":0,"WorldLangu":0,"Immersion":0}},{"type":"Feature","id":25,"geometry":{"type":"Point","coordinates":[-87.93766132039795,43.056780827395279]},"properties":{"FID":25,"Status":"M","Score":100,"Match_type":"A","Match_addr":"2029 N 20TH ST, MILWAUKEE, WI, 53205","Addr_type":"StreetAddress","AddNum":"2029","AddNumFrom":"2001","AddNumTo":"2099","Side":"L","StPreDir":"N","StPreType":" ","StName":"20TH","StType":"ST","StDir":" ","StAddr":"2029 N 20TH ST","City":"MILWAUKEE","County":" ","State":"WI","StateAbbr":" ","ZIP":"53205","Country":"USA","LangCode":" ","Distance":0,"X":2551160.1633899999,"Y":391950.96691999998,"DisplayX":2551160.1633899999,"DisplayY":391950.96691999998,"Xmin":0,"Xmax":0,"Ymin":0,"Ymax":0,"ARC_Street":"2029 N 20th ST","ARC_City":"MILWAUKEE","ARC_State":"WI","ARC_ZIP":"53205","ADDRESS":"2029 N 20th ST","City_1":"MILWAUKEE","State_1":"WI","ZIP_1":53205,"SCH_ID":89,"SCHOOL_ID":89,"SCHOOL_NAM":"Brown St","SHORT_NAM":"Brown","SAGE":"Y","CAPACITY_1":526,"SOS_Cluste":"East","ENR_9_2019":308,"ENR_9_2017":321,"ENR_9_2016":271,"CLOSED":0,"OPENED":0,"IFAS_ID":"BR","YR_RND":" ","CHOICE":0,"SCHOOL_TYP":"Public","PUBLIC_SCH":"Neighborhood","SCHOOL_CLA":"K4-5","MAPCLASS":"Public Schools","POOL":0,"NON_INSTRU":0,"VACANT":40,"CAP_ENROLL":372,"COMMENTS":" ","BUILDING_N":"Brown","SIFI":0,"Trans_Type":"CL","Active_Enr":50,"Active":1,"izones":"Zone 4","Montessori":0,"WorldLangu":0,"Immersion":0}},{"type":"Feature","id":26,"geometry":{"type":"Point","coordinates":[-87.922480458577937,43.077432955972284]},"properties":{"FID":26,"Status":"M","Score":100,"Match_type":"A","Match_addr":"3239 N 9TH ST, MILWAUKEE, WI, 53206","Addr_type":"StreetAddress","AddNum":"3239","AddNumFrom":"3101","AddNumTo":"3249","Side":"L","StPreDir":"N","StPreType":" ","StName":"9TH","StType":"ST","StDir":" ","StAddr":"3239 N 9TH ST","City":"MILWAUKEE","County":" ","State":"WI","StateAbbr":" ","ZIP":"53206","Country":"USA","LangCode":" ","Distance":0,"X":2555028.66598,"Y":399576.22856000002,"DisplayX":2555028.66598,"DisplayY":399576.22856000002,"Xmin":0,"Xmax":0,"Ymin":0,"Ymax":0,"ARC_Street":"3239 N 9th ST","ARC_City":"MILWAUKEE","ARC_State":"WI","ARC_ZIP":"53206","ADDRESS":"3239 N 9th ST","City_1":"MILWAUKEE","State_1":"WI","ZIP_1":53206,"SCH_ID":238,"SCHOOL_ID":238,"SCHOOL_NAM":"Robert M LaFollette","SHORT_NAM":"LaFollette","SAGE":"Y","CAPACITY_1":454,"SOS_Cluste":"Central","ENR_9_2019":240,"ENR_9_2017":264,"ENR_9_2016":225,"CLOSED":0,"OPENED":0,"IFAS_ID":"LF","YR_RND":" ","CHOICE":0,"SCHOOL_TYP":"Public","PUBLIC_SCH":"Neighborhood","SCHOOL_CLA":"HS-8","MAPCLASS":"Public Schools","POOL":0,"NON_INSTRU":0,"VACANT":40,"CAP_ENROLL":274,"COMMENTS":"Capacity does not reflect seats added from NSI. Capacity is listed as 664.","BUILDING_N":"LaFollette","SIFI":1,"Trans_Type":"CL","Active_Enr":59,"Active":1,"izones":"Zone 5","Montessori":0,"WorldLangu":0,"Immersion":0}},{"type":"Feature","id":27,"geometry":{"type":"Point","coordinates":[-87.931261496556985,43.081828894213444]},"properties":{"FID":27,"Status":"M","Score":100,"Match_type":"A","Match_addr":"1618 W KEEFE AV, MILWAUKEE, WI, 53206","Addr_type":"StreetAddress","AddNum":"1618","AddNumFrom":"1600","AddNumTo":"1698","Side":"R","StPreDir":"W","StPreType":" ","StName":"KEEFE","StType":"AV","StDir":" ","StAddr":"1618 W KEEFE AV","City":"MILWAUKEE","County":" ","State":"WI","StateAbbr":" ","ZIP":"53206","Country":"USA","LangCode":" ","Distance":0,"X":2552643.6075400002,"Y":401119.56479099998,"DisplayX":2552643.6075400002,"DisplayY":401119.56479099998,"Xmin":0,"Xmax":0,"Ymin":0,"Ymax":0,"ARC_Street":"1618 W KEEFE AV","ARC_City":"MILWAUKEE","ARC_State":"WI","ARC_ZIP":"53206","ADDRESS":"1618 W KEEFE AV","City_1":"MILWAUKEE","State_1":"WI","ZIP_1":53206,"SCH_ID":235,"SCHOOL_ID":235,"SCHOOL_NAM":"Keefe Av","SHORT_NAM":"Keefe","SAGE":"Y","CAPACITY_1":507,"SOS_Cluste":"Central","ENR_9_2019":198,"ENR_9_2017":252,"ENR_9_2016":249,"CLOSED":0,"OPENED":0,"IFAS_ID":"KE","YR_RND":" ","CHOICE":0,"SCHOOL_TYP":"Public","PUBLIC_SCH":"Neighborhood","SCHOOL_CLA":"HS-5","MAPCLASS":"Public Schools","POOL":0,"NON_INSTRU":0,"VACANT":44,"CAP_ENROLL":391,"COMMENTS":" ","BUILDING_N":"Keefe","SIFI":1,"Trans_Type":"CL","Active_Enr":44,"Active":1,"izones":"Zone 3","Montessori":0,"WorldLangu":0,"Immersion":0}},{"type":"Feature","id":28,"geometry":{"type":"Point","coordinates":[-87.938996745391776,43.069669045505535]},"properties":{"FID":28,"Status":"M","Score":100,"Match_type":"A","Match_addr":"2121 W HADLEY ST, MILWAUKEE, WI, 53206","Addr_type":"StreetAddress","AddNum":"2121","AddNumFrom":"2101","AddNumTo":"2199","Side":"L","StPreDir":"W","StPreType":" ","StName":"HADLEY","StType":"ST","StDir":" ","StAddr":"2121 W HADLEY ST","City":"MILWAUKEE","County":" ","State":"WI","StateAbbr":" ","ZIP":"53206","Country":"USA","LangCode":" ","Distance":0,"X":2550687.2794499998,"Y":396637.95964100002,"DisplayX":2550687.2794499998,"DisplayY":396637.95964100002,"Xmin":0,"Xmax":0,"Ymin":0,"Ymax":0,"ARC_Street":"2121 W HADLEY ST","ARC_City":"MILWAUKEE","ARC_State":"WI","ARC_ZIP":"53206","ADDRESS":"2121 W HADLEY ST","City_1":"MILWAUKEE","State_1":"WI","ZIP_1":53206,"SCH_ID":377,"SCHOOL_ID":377,"SCHOOL_NAM":"Gwen T Jackson","SHORT_NAM":"Jackson","SAGE":"Y","CAPACITY_1":614,"SOS_Cluste":"Central","ENR_9_2019":297,"ENR_9_2017":318,"ENR_9_2016":281,"CLOSED":0,"OPENED":0,"IFAS_ID":"21","YR_RND":" ","CHOICE":0,"SCHOOL_TYP":"Public","PUBLIC_SCH":"Neighborhood","SCHOOL_CLA":"HS-5","MAPCLASS":"Public Schools","POOL":0,"NON_INSTRU":0,"VACANT":62,"CAP_ENROLL":272,"COMMENTS":" ","BUILDING_N":"Jackson","SIFI":0,"Trans_Type":"CL","Active_Enr":58,"Active":1,"izones":"Zone 5","Montessori":0,"WorldLangu":0,"Immersion":0}},{"type":"Feature","id":29,"geometry":{"type":"Point","coordinates":[-87.920945160087129,43.087806763342357]},"properties":{"FID":29,"Status":"M","Score":100,"Match_type":"A","Match_addr":"3872 N 8TH ST, MILWAUKEE, WI, 53206","Addr_type":"StreetAddress","AddNum":"3872","AddNumFrom":"3800","AddNumTo":"3898","Side":"R","StPreDir":"N","StPreType":" ","StName":"8TH","StType":"ST","StDir":" ","StAddr":"3872 N 8TH ST","City":"MILWAUKEE","County":" ","State":"WI","StateAbbr":" ","ZIP":"53206","Country":"USA","LangCode":" ","Distance":0,"X":2555344.46961,"Y":403366.12760399998,"DisplayX":2555344.46961,"DisplayY":403366.12760399998,"Xmin":0,"Xmax":0,"Ymin":0,"Ymax":0,"ARC_Street":"3872 N 8th ST","ARC_City":"MILWAUKEE","ARC_State":"WI","ARC_ZIP":"53206","ADDRESS":"3872 N 8th ST","City_1":"MILWAUKEE","State_1":"WI","ZIP_1":53206,"SCH_ID":199,"SCHOOL_ID":120,"SCHOOL_NAM":"Success Center","SHORT_NAM":"Success Center","SAGE":"N","CAPACITY_1":506,"SOS_Cluste":"Contracted","ENR_9_2019":0,"ENR_9_2017":269,"ENR_9_2016":446,"CLOSED":0,"OPENED":0,"IFAS_ID":" ","YR_RND":" ","CHOICE":0,"SCHOOL_TYP":"Public","PUBLIC_SCH":"Charter","SCHOOL_CLA":"4-12","MAPCLASS":"Public Schools","POOL":0,"NON_INSTRU":0,"VACANT":0,"CAP_ENROLL":0,"COMMENTS":"Non-Instr; 7/1/14 added Gr 8","BUILDING_N":"Green Bay","SIFI":0,"Trans_Type":" ","Active_Enr":53,"Active":1,"izones":"Zone 3","Montessori":0,"WorldLangu":0,"Immersion":0}},{"type":"Feature","id":30,"geometry":{"type":"Point","coordinates":[-87.941361264468654,43.07694858909003]},"properties":{"FID":30,"Status":"M","Score":100,"Match_type":"A","Match_addr":"2319 W AUER AV, MILWAUKEE, WI, 53206","Addr_type":"StreetAddress","AddNum":"2319","AddNumFrom":"2301","AddNumTo":"2399","Side":"L","StPreDir":"W","StPreType":" ","StName":"AUER","StType":"AV","StDir":" ","StAddr":"2319 W AUER AV","City":"MILWAUKEE","County":" ","State":"WI","StateAbbr":" ","ZIP":"53206","Country":"USA","LangCode":" ","Distance":0,"X":2549990.1683499999,"Y":399274.65648599999,"DisplayX":2549990.1683499999,"DisplayY":399274.65648599999,"Xmin":0,"Xmax":0,"Ymin":0,"Ymax":0,"ARC_Street":"2319 W AUER AV","ARC_City":"MILWAUKEE","ARC_State":"WI","ARC_ZIP":"53206","ADDRESS":"2319 W AUER AV","City_1":"MILWAUKEE","State_1":"WI","ZIP_1":53206,"SCH_ID":77,"SCHOOL_ID":77,"SCHOOL_NAM":"Auer Av","SHORT_NAM":"Auer","SAGE":"N","CAPACITY_1":489,"SOS_Cluste":"Central","ENR_9_2019":182,"ENR_9_2017":289,"ENR_9_2016":278,"CLOSED":0,"OPENED":0,"IFAS_ID":"AU","YR_RND":" ","CHOICE":0,"SCHOOL_TYP":"Public","PUBLIC_SCH":"Neighborhood","SCHOOL_CLA":"HS-5","MAPCLASS":"Public Schools","POOL":0,"NON_INSTRU":0,"VACANT":27,"CAP_ENROLL":378,"COMMENTS":"7/1/2009, K4-8; 7/1/14 Commitment Sch","BUILDING_N":"Auer","SIFI":2,"Trans_Type":"CL","Active_Enr":58,"Active":1,"izones":"Zone 4","Montessori":0,"WorldLangu":0,"Immersion":0}},{"type":"Feature","id":31,"geometry":{"type":"Point","coordinates":[-87.941188816297682,43.084708892529861]},"properties":{"FID":31,"Status":"M","Score":100,"Match_type":"A","Match_addr":"2308 W NASH ST, MILWAUKEE, WI, 53206","Addr_type":"StreetAddress","AddNum":"2308","AddNumFrom":"2300","AddNumTo":"2398","Side":"R","StPreDir":"W","StPreType":" ","StName":"NASH","StType":"ST","StDir":" ","StAddr":"2308 W NASH ST","City":"MILWAUKEE","County":" ","State":"WI","StateAbbr":" ","ZIP":"53206","Country":"USA","LangCode":" ","Distance":0,"X":2549966.4043100001,"Y":402103.262491,"DisplayX":2549966.4043100001,"DisplayY":402103.262491,"Xmin":0,"Xmax":0,"Ymin":0,"Ymax":0,"ARC_Street":"2308 W NASH ST","ARC_City":"MILWAUKEE","ARC_State":"WI","ARC_ZIP":"53206","ADDRESS":"2308 W NASH ST","City_1":"MILWAUKEE","State_1":"WI","ZIP_1":53206,"SCH_ID":179,"SCHOOL_ID":179,"SCHOOL_NAM":"Benjamin Franklin","SHORT_NAM":"Franklin","SAGE":"Y","CAPACITY_1":461,"SOS_Cluste":"Central","ENR_9_2019":386,"ENR_9_2017":338,"ENR_9_2016":275,"CLOSED":0,"OPENED":0,"IFAS_ID":"BF","YR_RND":" ","CHOICE":0,"SCHOOL_TYP":"Public","PUBLIC_SCH":"Neighborhood","SCHOOL_CLA":"HS-8","MAPCLASS":"Public Schools","POOL":0,"NON_INSTRU":0,"VACANT":40,"CAP_ENROLL":314,"COMMENTS":" ","BUILDING_N":"Franklin","SIFI":0,"Trans_Type":"RG","Active_Enr":65,"Active":1,"izones":"Zone 3","Montessori":0,"WorldLangu":0,"Immersion":0}},{"type":"Feature","id":32,"geometry":{"type":"Point","coordinates":[-87.941386568519462,43.075220700098015]},"properties":{"FID":32,"Status":"M","Score":100,"Match_type":"A","Match_addr":"2320 W BURLEIGH ST, MILWAUKEE, WI, 53206","Addr_type":"StreetAddress","AddNum":"2320","AddNumFrom":"2300","AddNumTo":"2398","Side":"R","StPreDir":"W","StPreType":" ","StName":"BURLEIGH","StType":"ST","StDir":" ","StAddr":"2320 W BURLEIGH ST","City":"MILWAUKEE","County":" ","State":"WI","StateAbbr":" ","ZIP":"53206","Country":"USA","LangCode":" ","Distance":0,"X":2549998.9552600002,"Y":398644.93322300003,"DisplayX":2549998.9552600002,"DisplayY":398644.93322300003,"Xmin":0,"Xmax":0,"Ymin":0,"Ymax":0,"ARC_Street":"2320 W BURLEIGH ST","ARC_City":"MILWAUKEE","ARC_State":"WI","ARC_ZIP":"53206","ADDRESS":"2320 W BURLEIGH ST","City_1":"MILWAUKEE","State_1":"WI","ZIP_1":53206,"SCH_ID":450,"SCHOOL_ID":1072,"SCHOOL_NAM":"NOVA Middle and High School","SHORT_NAM":"NOVA HS","SAGE":"N","CAPACITY_1":0,"SOS_Cluste":"Contracted","ENR_9_2019":88,"ENR_9_2017":116,"ENR_9_2016":110,"CLOSED":0,"OPENED":0,"IFAS_ID":"NV","YR_RND":" ","CHOICE":0,"SCHOOL_TYP":"Contracted","PUBLIC_SCH":"Alternative","SCHOOL_CLA":"9-12","MAPCLASS":"Partnership School","POOL":0,"NON_INSTRU":0,"VACANT":0,"CAP_ENROLL":99,"COMMENTS":" ","BUILDING_N":"NOVA HS/ MS","SIFI":0,"Trans_Type":" ","Active_Enr":0,"Active":1,"izones":"No Zone","Montessori":0,"WorldLangu":0,"Immersion":0}},{"type":"Feature","id":33,"geometry":{"type":"Point","coordinates":[-87.923032831484718,43.062184137107558]},"properties":{"FID":33,"Status":"M","Score":100,"Match_type":"A","Match_addr":"921 W MEINECKE AV, MILWAUKEE, WI, 53206","Addr_type":"StreetAddress","AddNum":"921","AddNumFrom":"901","AddNumTo":"999","Side":"L","StPreDir":"W","StPreType":" ","StName":"MEINECKE","StType":"AV","StDir":" ","StAddr":"921 W MEINECKE AV","City":"MILWAUKEE","County":" ","State":"WI","StateAbbr":" ","ZIP":"53206","Country":"USA","LangCode":" ","Distance":0,"X":2555019.5447900002,"Y":394016.67635899998,"DisplayX":2555019.5447900002,"DisplayY":394016.67635899998,"Xmin":0,"Xmax":0,"Ymin":0,"Ymax":0,"ARC_Street":"921 W MEINECKE AV","ARC_City":"MILWAUKEE","ARC_State":"WI","ARC_ZIP":"53206","ADDRESS":"921 W MEINECKE AV","City_1":"MILWAUKEE","State_1":"WI","ZIP_1":53206,"SCH_ID":115,"SCHOOL_ID":115,"SCHOOL_NAM":"Grant Gordon Learning Center","SHORT_NAM":"Grant Gordon Learning Ctr","SAGE":"N","CAPACITY_1":0,"SOS_Cluste":"Central","ENR_9_2019":81,"ENR_9_2017":79,"ENR_9_2016":1,"CLOSED":0,"OPENED":0,"IFAS_ID":" ","YR_RND":" ","CHOICE":0,"SCHOOL_TYP":"Public","PUBLIC_SCH":"Neighborhood","SCHOOL_CLA":"H3","MAPCLASS":"Public Schools","POOL":0,"NON_INSTRU":0,"VACANT":0,"CAP_ENROLL":0,"COMMENTS":"Non-instr","BUILDING_N":"Lee","SIFI":0,"Trans_Type":" ","Active_Enr":96,"Active":1,"izones":"No Zone","Montessori":0,"WorldLangu":0,"Immersion":0}},{"type":"Feature","id":34,"geometry":{"type":"Point","coordinates":[-87.924255951474066,43.067660835989457]},"properties":{"FID":34,"Status":"M","Score":100,"Match_type":"A","Match_addr":"1011 W CENTER ST, MILWAUKEE, WI, 53206","Addr_type":"StreetAddress","AddNum":"1011","AddNumFrom":"1001","AddNumTo":"1099","Side":"L","StPreDir":"W","StPreType":" ","StName":"CENTER","StType":"ST","StDir":" ","StAddr":"1011 W CENTER ST","City":"MILWAUKEE","County":" ","State":"WI","StateAbbr":" ","ZIP":"53206","Country":"USA","LangCode":" ","Distance":0,"X":2554643.1003100001,"Y":396003.96246100002,"DisplayX":2554643.1003100001,"DisplayY":396003.96246100002,"Xmin":0,"Xmax":0,"Ymin":0,"Ymax":0,"ARC_Street":"1011 W CENTER ST","ARC_City":"MILWAUKEE","ARC_State":"WI","ARC_ZIP":"53206","ADDRESS":"1011 W CENTER ST","City_1":"MILWAUKEE","State_1":"WI","ZIP_1":53206,"SCH_ID":25,"SCHOOL_ID":419,"SCHOOL_NAM":"North Division","SHORT_NAM":"North Division","SAGE":"N","CAPACITY_1":880,"SOS_Cluste":"High School","ENR_9_2019":361,"ENR_9_2017":397,"ENR_9_2016":502,"CLOSED":0,"OPENED":0,"IFAS_ID":"ND","YR_RND":" ","CHOICE":0,"SCHOOL_TYP":"Public","PUBLIC_SCH":"Neighborhood","SCHOOL_CLA":"9-12","MAPCLASS":"Public Schools","POOL":0,"NON_INSTRU":0,"VACANT":0,"CAP_ENROLL":400,"COMMENTS":"7/1/2009, school re-opened; was Charter in 2013; 7/1/14 Traditional, Commitment Sch","BUILDING_N":"North Division","SIFI":0,"Trans_Type":" ","Active_Enr":45,"Active":1,"izones":"Zone 8","Montessori":0,"WorldLangu":1,"Immersion":0}},{"type":"Feature","id":35,"geometry":{"type":"Point","coordinates":[-87.933306598620831,43.083902152595364]},"properties":{"FID":35,"Status":"M","Score":100,"Match_type":"A","Match_addr":"3620 N 18TH ST, MILWAUKEE, WI, 53206","Addr_type":"StreetAddress","AddNum":"3620","AddNumFrom":"3600","AddNumTo":"3698","Side":"R","StPreDir":"N","StPreType":" ","StName":"18TH","StType":"ST","StDir":" ","StAddr":"3620 N 18TH ST","City":"MILWAUKEE","County":" ","State":"WI","StateAbbr":" ","ZIP":"53206","Country":"USA","LangCode":" ","Distance":0,"X":2552078.69704,"Y":401861.40917100001,"DisplayX":2552078.69704,"DisplayY":401861.40917100001,"Xmin":0,"Xmax":0,"Ymin":0,"Ymax":0,"ARC_Street":"3620 N 18th ST","ARC_City":"MILWAUKEE","ARC_State":"WI","ARC_ZIP":"53206","ADDRESS":"3620 N 18th ST","City_1":"MILWAUKEE","State_1":"WI","ZIP_1":53206,"SCH_ID":660,"SCHOOL_ID":215,"SCHOOL_NAM":"Andrew S. Douglas School (Formerly BEAM)","SHORT_NAM":"Andrew S. Douglas","SAGE":"Y","CAPACITY_1":1346,"SOS_Cluste":"Central","ENR_9_2019":246,"ENR_9_2017":288,"ENR_9_2016":726,"CLOSED":0,"OPENED":0,"IFAS_ID":" ","YR_RND":" ","CHOICE":0,"SCHOOL_TYP":"Public","PUBLIC_SCH":"Neighborhood","SCHOOL_CLA":"6-8","MAPCLASS":"Public Schools","POOL":0,"NON_INSTRU":0,"VACANT":0,"CAP_ENROLL":0,"COMMENTS":"new school; Non-Instr","BUILDING_N":"Andrew Douglas","SIFI":0,"Trans_Type":"CH","Active_Enr":18,"Active":1,"izones":"Zone 4","Montessori":0,"WorldLangu":1,"Immersion":0}},{"type":"Feature","id":36,"geometry":{"type":"Point","coordinates":[-87.931365037426175,43.071107621514329]},"properties":{"FID":36,"Status":"M","Score":100,"Match_type":"A","Match_addr":"1503 W HOPKINS ST, MILWAUKEE, WI, 53206","Addr_type":"StreetAddress","AddNum":"1503","AddNumFrom":"1501","AddNumTo":"1521","Side":"L","StPreDir":"W","StPreType":" ","StName":"HOPKINS","StType":"ST","StDir":" ","StAddr":"1503 W HOPKINS ST","City":"MILWAUKEE","County":" ","State":"WI","StateAbbr":" ","ZIP":"53206","Country":"USA","LangCode":" ","Distance":0,"X":2552712.8803300001,"Y":397212.59324800002,"DisplayX":2552712.8803300001,"DisplayY":397212.59324800002,"Xmin":0,"Xmax":0,"Ymin":0,"Ymax":0,"ARC_Street":"1503 W HOPKINS ST","ARC_City":"MILWAUKEE","ARC_State":"WI","ARC_ZIP":"53206","ADDRESS":"1503 W HOPKINS ST","City_1":"MILWAUKEE","State_1":"WI","ZIP_1":53206,"SCH_ID":220,"SCHOOL_ID":253,"SCHOOL_NAM":"Hopkins Lloyd Community","SHORT_NAM":"Hopkins Lloyd","SAGE":"Y","CAPACITY_1":511,"SOS_Cluste":"Central","ENR_9_2019":153,"ENR_9_2017":277,"ENR_9_2016":294,"CLOSED":0,"OPENED":0,"IFAS_ID":"HK","YR_RND":" ","CHOICE":0,"SCHOOL_TYP":"Public","PUBLIC_SCH":"Neighborhood","SCHOOL_CLA":"K4-5","MAPCLASS":"Public Schools","POOL":0,"NON_INSTRU":0,"VACANT":40,"CAP_ENROLL":533,"COMMENTS":" ","BUILDING_N":"Hopkins Lloyd","SIFI":2,"Trans_Type":"CL","Active_Enr":49,"Active":1,"izones":"Zone 4","Montessori":0,"WorldLangu":0,"Immersion":0}},{"type":"Feature","id":37,"geometry":{"type":"Point","coordinates":[-87.915455846765624,43.001186386361582]},"properties":{"FID":37,"Status":"M","Score":100,"Match_type":"A","Match_addr":"2424 S 4TH ST, MILWAUKEE, WI, 53207","Addr_type":"StreetAddress","AddNum":"2424","AddNumFrom":"2400","AddNumTo":"2454","Side":"L","StPreDir":"S","StPreType":" ","StName":"4TH","StType":"ST","StDir":" ","StAddr":"2424 S 4TH ST","City":"MILWAUKEE","County":" ","State":"WI","StateAbbr":" ","ZIP":"53207","Country":"USA","LangCode":" ","Distance":0,"X":2557599.4568099999,"Y":371842.89818199998,"DisplayX":2557599.4568099999,"DisplayY":371842.89818199998,"Xmin":0,"Xmax":0,"Ymin":0,"Ymax":0,"ARC_Street":"2424 S 4th ST","ARC_City":"MILWAUKEE","ARC_State":"WI","ARC_ZIP":"53207","ADDRESS":"2424 S 4th ST","City_1":"MILWAUKEE","State_1":"WI","ZIP_1":53207,"SCH_ID":313,"SCHOOL_ID":313,"SCHOOL_NAM":"Riley Dual Language Montessori School","SHORT_NAM":"Riley Dual Language Mont","SAGE":"N","CAPACITY_1":506,"SOS_Cluste":"Southwest","ENR_9_2019":406,"ENR_9_2017":511,"ENR_9_2016":507,"CLOSED":0,"OPENED":0,"IFAS_ID":"RI","YR_RND":" ","CHOICE":0,"SCHOOL_TYP":"Public","PUBLIC_SCH":"Neighborhood","SCHOOL_CLA":"K4-5","MAPCLASS":"Public Schools","POOL":0,"NON_INSTRU":0,"VACANT":-2,"CAP_ENROLL":546,"COMMENTS":" ","BUILDING_N":"Riley","SIFI":0,"Trans_Type":"RG","Active_Enr":102,"Active":1,"izones":"Zone 1","Montessori":1,"WorldLangu":0,"Immersion":0}},{"type":"Feature","id":38,"geometry":{"type":"Point","coordinates":[-87.885641575162737,42.992105606816182]},"properties":{"FID":38,"Status":"M","Score":100,"Match_type":"A","Match_addr":"1943 E TROWBRIDGE ST, MILWAUKEE, WI, 53207","Addr_type":"StreetAddress","AddNum":"1943","AddNumFrom":"1917","AddNumTo":"1999","Side":"R","StPreDir":"E","StPreType":" ","StName":"TROWBRIDGE","StType":"ST","StDir":" ","StAddr":"1943 E TROWBRIDGE ST","City":"MILWAUKEE","County":" ","State":"WI","StateAbbr":" ","ZIP":"53207","Country":"USA","LangCode":" ","Distance":0,"X":2565656.2858699998,"Y":368735.16458699998,"DisplayX":2565656.2858699998,"DisplayY":368735.16458699998,"Xmin":0,"Xmax":0,"Ymin":0,"Ymax":0,"ARC_Street":"1943 E TROWBRIDGE ST","ARC_City":"MILWAUKEE","ARC_State":"WI","ARC_ZIP":"53207","ADDRESS":"1943 E TROWBRIDGE ST","City_1":"MILWAUKEE","State_1":"WI","ZIP_1":53207,"SCH_ID":368,"SCHOOL_ID":368,"SCHOOL_NAM":"Trowbridge","SHORT_NAM":"Trowbridge","SAGE":"N","CAPACITY_1":334,"SOS_Cluste":"East","ENR_9_2019":236,"ENR_9_2017":269,"ENR_9_2016":257,"CLOSED":0,"OPENED":0,"IFAS_ID":"TR","YR_RND":" ","CHOICE":0,"SCHOOL_TYP":"Public","PUBLIC_SCH":"Neighborhood","SCHOOL_CLA":"K4-8","MAPCLASS":"Public Schools","POOL":0,"NON_INSTRU":0,"VACANT":37,"CAP_ENROLL":309,"COMMENTS":" ","BUILDING_N":"Trowbridge","SIFI":0,"Trans_Type":"RG","Active_Enr":85,"Active":1,"izones":"Zone 2","Montessori":0,"WorldLangu":0,"Immersion":0}},{"type":"Feature","id":39,"geometry":{"type":"Point","coordinates":[-87.914435321004561,42.9649051526265]},"properties":{"FID":39,"Status":"M","Score":100,"Match_type":"A","Match_addr":"4382 S 3RD ST, MILWAUKEE, WI, 53207","Addr_type":"StreetAddress","AddNum":"4382","AddNumFrom":"4350","AddNumTo":"4398","Side":"L","StPreDir":"S","StPreType":" ","StName":"3RD","StType":"ST","StDir":" ","StAddr":"4382 S 3RD ST","City":"MILWAUKEE","County":" ","State":"WI","StateAbbr":" ","ZIP":"53207","Country":"USA","LangCode":" ","Distance":0,"X":2558203.04703,"Y":358630.83436199999,"DisplayX":2558203.04703,"DisplayY":358630.83436199999,"Xmin":0,"Xmax":0,"Ymin":0,"Ymax":0,"ARC_Street":"4382 S 3rd ST","ARC_City":"MILWAUKEE","ARC_State":"WI","ARC_ZIP":"53207","ADDRESS":"4382 S 3rd ST","City_1":"MILWAUKEE","State_1":"WI","ZIP_1":53207,"SCH_ID":398,"SCHOOL_ID":398,"SCHOOL_NAM":"John Greenleaf Whittier","SHORT_NAM":"Whittier","SAGE":"N","CAPACITY_1":108,"SOS_Cluste":"East","ENR_9_2019":217,"ENR_9_2017":220,"ENR_9_2016":212,"CLOSED":0,"OPENED":0,"IFAS_ID":"WH","YR_RND":" ","CHOICE":0,"SCHOOL_TYP":"Public","PUBLIC_SCH":"Neighborhood","SCHOOL_CLA":"K4-5","MAPCLASS":"Charter Schools","POOL":0,"NON_INSTRU":0,"VACANT":-13,"CAP_ENROLL":218,"COMMENTS":" ","BUILDING_N":"Whittier","SIFI":0,"Trans_Type":"CO","Active_Enr":270,"Active":1,"izones":"Zone 2","Montessori":0,"WorldLangu":0,"Immersion":0}},{"type":"Feature","id":40,"geometry":{"type":"Point","coordinates":[-87.901726479122615,42.997166454239412]},"properties":{"FID":40,"Status":"M","Score":100,"Match_type":"A","Match_addr":"619 E DOVER ST, MILWAUKEE, WI, 53207","Addr_type":"StreetAddress","AddNum":"619","AddNumFrom":"443","AddNumTo":"799","Side":"R","StPreDir":"E","StPreType":" ","StName":"DOVER","StType":"ST","StDir":" ","StAddr":"619 E DOVER ST","City":"MILWAUKEE","County":" ","State":"WI","StateAbbr":" ","ZIP":"53207","Country":"USA","LangCode":" ","Distance":0,"X":2561307.8303200002,"Y":370470.363236,"DisplayX":2561307.8303200002,"DisplayY":370470.363236,"Xmin":0,"Xmax":0,"Ymin":0,"Ymax":0,"ARC_Street":"619 E DOVER ST","ARC_City":"MILWAUKEE","ARC_State":"WI","ARC_ZIP":"53207","ADDRESS":"619 E DOVER ST","City_1":"MILWAUKEE","State_1":"WI","ZIP_1":53207,"SCH_ID":105,"SCHOOL_ID":112,"SCHOOL_NAM":"Bay View Montessori Upper School","SHORT_NAM":"Bay View Mont Upper","SAGE":" ","CAPACITY_1":0,"SOS_Cluste":"East","ENR_9_2019":211,"ENR_9_2017":0,"ENR_9_2016":0,"CLOSED":0,"OPENED":0,"IFAS_ID":" ","YR_RND":" ","CHOICE":0,"SCHOOL_TYP":"Public","PUBLIC_SCH":"Specialty-Montessori","SCHOOL_CLA":"1-7","MAPCLASS":"Public Schools","POOL":0,"NON_INSTRU":0,"VACANT":0,"CAP_ENROLL":0,"COMMENTS":" ","BUILDING_N":" ","SIFI":0,"Trans_Type":" ","Active_Enr":0,"Active":1,"izones":" ","Montessori":1,"WorldLangu":0,"Immersion":0}},{"type":"Feature","id":41,"geometry":{"type":"Point","coordinates":[-87.879452943791946,42.985896186114132]},"properties":{"FID":41,"Status":"M","Score":100,"Match_type":"A","Match_addr":"3239 S PENNSYLVANIA AV, MILWAUKEE, WI, 53207","Addr_type":"StreetAddress","AddNum":"3239","AddNumFrom":"3201","AddNumTo":"3255","Side":"R","StPreDir":"S","StPreType":" ","StName":"PENNSYLVANIA","StType":"AV","StDir":" ","StAddr":"3239 S PENNSYLVANIA AV","City":"MILWAUKEE","County":" ","State":"WI","StateAbbr":" ","ZIP":"53207","Country":"USA","LangCode":" ","Distance":0,"X":2567369.0277300002,"Y":366514.85526899999,"DisplayX":2567369.0277300002,"DisplayY":366514.85526899999,"Xmin":0,"Xmax":0,"Ymin":0,"Ymax":0,"ARC_Street":"3239 S PENNSYLVANIA AV","ARC_City":"MILWAUKEE","ARC_State":"WI","ARC_ZIP":"53207","ADDRESS":"3239 S PENNSYLVANIA AV","City_1":"MILWAUKEE","State_1":"WI","ZIP_1":53207,"SCH_ID":158,"SCHOOL_ID":158,"SCHOOL_NAM":"Fernwood Montessori","SHORT_NAM":"Fernwood Mont","SAGE":"N","CAPACITY_1":452,"SOS_Cluste":"East","ENR_9_2019":795,"ENR_9_2017":783,"ENR_9_2016":641,"CLOSED":0,"OPENED":0,"IFAS_ID":"FW","YR_RND":" ","CHOICE":0,"SCHOOL_TYP":"Public","PUBLIC_SCH":"Specialty-Montessori","SCHOOL_CLA":"K3-8","MAPCLASS":"Public Schools","POOL":0,"NON_INSTRU":0,"VACANT":1,"CAP_ENROLL":578,"COMMENTS":" ","BUILDING_N":"Fernwood Montessori","SIFI":0,"Trans_Type":"MO","Active_Enr":120,"Active":1,"izones":"Zone 3","Montessori":1,"WorldLangu":0,"Immersion":0}},{"type":"Feature","id":42,"geometry":{"type":"Point","coordinates":[-87.894384162363835,42.977904265945526]},"properties":{"FID":42,"Status":"M","Score":100,"Match_type":"A","Match_addr":"3666 S CLEMENT AV, MILWAUKEE, WI, 53207","Addr_type":"StreetAddress","AddNum":"3666","AddNumFrom":"3644","AddNumTo":"3742","Side":"L","StPreDir":"S","StPreType":" ","StName":"CLEMENT","StType":"AV","StDir":" ","StAddr":"3666 S CLEMENT AV","City":"MILWAUKEE","County":" ","State":"WI","StateAbbr":" ","ZIP":"53207","Country":"USA","LangCode":" ","Distance":0,"X":2563448.6873900001,"Y":363501.82752400002,"DisplayX":2563448.6873900001,"DisplayY":363501.82752400002,"Xmin":0,"Xmax":0,"Ymin":0,"Ymax":0,"ARC_Street":"3666 S CLEMENT AV","ARC_City":"MILWAUKEE","ARC_State":"WI","ARC_ZIP":"53207","ADDRESS":"3666 S CLEMENT AV","City_1":"MILWAUKEE","State_1":"WI","ZIP_1":53207,"SCH_ID":113,"SCHOOL_ID":113,"SCHOOL_NAM":"Clement Av","SHORT_NAM":"Clement Av","SAGE":"N","CAPACITY_1":388,"SOS_Cluste":"East","ENR_9_2019":406,"ENR_9_2017":465,"ENR_9_2016":436,"CLOSED":0,"OPENED":0,"IFAS_ID":"CM","YR_RND":" ","CHOICE":0,"SCHOOL_TYP":"Public","PUBLIC_SCH":"Neighborhood","SCHOOL_CLA":"K4-8","MAPCLASS":"Public Schools","POOL":0,"NON_INSTRU":0,"VACANT":21,"CAP_ENROLL":466,"COMMENTS":"7/1/2009, K4-8","BUILDING_N":"Clement Ave","SIFI":0,"Trans_Type":"RG","Active_Enr":128,"Active":1,"izones":"Zone 3","Montessori":0,"WorldLangu":0,"Immersion":0}},{"type":"Feature","id":43,"geometry":{"type":"Point","coordinates":[-87.904657386507566,42.96549002972926]},"properties":{"FID":43,"Status":"M","Score":100,"Match_type":"A","Match_addr":"4348 S GRIFFIN AV, MILWAUKEE, WI, 53207","Addr_type":"StreetAddress","AddNum":"4348","AddNumFrom":"4300","AddNumTo":"4482","Side":"L","StPreDir":"S","StPreType":" ","StName":"GRIFFIN","StType":"AV","StDir":" ","StAddr":"4348 S GRIFFIN AV","City":"MILWAUKEE","County":" ","State":"WI","StateAbbr":" ","ZIP":"53207","Country":"USA","LangCode":" ","Distance":0,"X":2560814.0598200001,"Y":358909.53438199998,"DisplayX":2560814.0598200001,"DisplayY":358909.53438199998,"Xmin":0,"Xmax":0,"Ymin":0,"Ymax":0,"ARC_Street":"4348 S GRIFFIN AV","ARC_City":"MILWAUKEE","ARC_State":"WI","ARC_ZIP":"53207","ADDRESS":"4348 S GRIFFIN AV","City_1":"MILWAUKEE","State_1":"WI","ZIP_1":53207,"SCH_ID":98,"SCHOOL_ID":98,"SCHOOL_NAM":"AE Burdick","SHORT_NAM":"Burdick","SAGE":"N","CAPACITY_1":560,"SOS_Cluste":"East","ENR_9_2019":619,"ENR_9_2017":627,"ENR_9_2016":665,"CLOSED":0,"OPENED":0,"IFAS_ID":"BD","YR_RND":" ","CHOICE":0,"SCHOOL_TYP":"Public","PUBLIC_SCH":"Neighborhood","SCHOOL_CLA":"K4-8","MAPCLASS":"Public Schools","POOL":0,"NON_INSTRU":0,"VACANT":-2,"CAP_ENROLL":627,"COMMENTS":"7/1/2009, K4-8","BUILDING_N":"Burdick","SIFI":0,"Trans_Type":"RG","Active_Enr":118,"Active":1,"izones":"Zone 3","Montessori":0,"WorldLangu":0,"Immersion":0}},{"type":"Feature","id":44,"geometry":{"type":"Point","coordinates":[-87.89805347529817,42.994747068800116]},"properties":{"FID":44,"Status":"M","Score":100,"Match_type":"A","Match_addr":"2751 S LENOX ST, MILWAUKEE, WI, 53207","Addr_type":"StreetAddress","AddNum":"2751","AddNumFrom":"2701","AddNumTo":"2799","Side":"R","StPreDir":"S","StPreType":" ","StName":"LENOX","StType":"ST","StDir":" ","StAddr":"2751 S LENOX ST","City":"MILWAUKEE","County":" ","State":"WI","StateAbbr":" ","ZIP":"53207","Country":"USA","LangCode":" ","Distance":0,"X":2562312.3520800001,"Y":369613.62021700002,"DisplayX":2562312.3520800001,"DisplayY":369613.62021700002,"Xmin":0,"Xmax":0,"Ymin":0,"Ymax":0,"ARC_Street":"2751 S LENOX ST","ARC_City":"MILWAUKEE","ARC_State":"WI","ARC_ZIP":"53207","ADDRESS":"2751 S LENOX ST","City_1":"MILWAUKEE","State_1":"WI","ZIP_1":53207,"SCH_ID":12,"SCHOOL_ID":12,"SCHOOL_NAM":"Bay View","SHORT_NAM":"Bay View","SAGE":"N","CAPACITY_1":1498,"SOS_Cluste":"High School","ENR_9_2019":910,"ENR_9_2017":910,"ENR_9_2016":904,"CLOSED":0,"OPENED":0,"IFAS_ID":"BV","YR_RND":" ","CHOICE":0,"SCHOOL_TYP":"Public","PUBLIC_SCH":"Neighborhood","SCHOOL_CLA":"9-12","MAPCLASS":"Public Schools","POOL":0,"NON_INSTRU":0,"VACANT":26,"CAP_ENROLL":1542,"COMMENTS":"7/1/14 eliminate Gr 6 & 7","BUILDING_N":"Bay View","SIFI":5,"Trans_Type":"HS","Active_Enr":65,"Active":1,"izones":"Zone 8","Montessori":0,"WorldLangu":1,"Immersion":0}},{"type":"Feature","id":45,"geometry":{"type":"Point","coordinates":[-87.906471004123588,42.973780326275538]},"properties":{"FID":45,"Status":"M","Score":100,"Match_type":"A","Match_addr":"357 E HOWARD AV, MILWAUKEE, WI, 53207","Addr_type":"StreetAddress","AddNum":"357","AddNumFrom":"301","AddNumTo":"399","Side":"R","StPreDir":"E","StPreType":" ","StName":"HOWARD","StType":"AV","StDir":" ","StAddr":"357 E HOWARD AV","City":"MILWAUKEE","County":" ","State":"WI","StateAbbr":" ","ZIP":"53207","Country":"USA","LangCode":" ","Distance":0,"X":2560252.9299400002,"Y":361917.86291899998,"DisplayX":2560252.9299400002,"DisplayY":361917.86291899998,"Xmin":0,"Xmax":0,"Ymin":0,"Ymax":0,"ARC_Street":"357 E HOWARD AV","ARC_City":"MILWAUKEE","ARC_State":"WI","ARC_ZIP":"53207","ADDRESS":"357 E HOWARD AV","City_1":"MILWAUKEE","State_1":"WI","ZIP_1":53207,"SCH_ID":105,"SCHOOL_ID":112,"SCHOOL_NAM":"Bay View Montessori Lower School","SHORT_NAM":"Bay View Mont Lower","SAGE":"N","CAPACITY_1":145,"SOS_Cluste":"East","ENR_9_2019":155,"ENR_9_2017":283,"ENR_9_2016":184,"CLOSED":0,"OPENED":0,"IFAS_ID":"TP","YR_RND":" ","CHOICE":0,"SCHOOL_TYP":"Public","PUBLIC_SCH":"Specialty-Montessori","SCHOOL_CLA":"K3-K5","MAPCLASS":"Public Schools","POOL":0,"NON_INSTRU":0,"VACANT":0,"CAP_ENROLL":0,"COMMENTS":"7/1/14 added Gr 1","BUILDING_N":"Howard Ave Montessori","SIFI":0,"Trans_Type":"MO","Active_Enr":238,"Active":1,"izones":"Zone 3","Montessori":1,"WorldLangu":0,"Immersion":0}},{"type":"Feature","id":46,"geometry":{"type":"Point","coordinates":[-87.902830672985843,42.985979272473976]},"properties":{"FID":46,"Status":"M","Score":100,"Match_type":"A","Match_addr":"3230 S ADAMS AV, MILWAUKEE, WI, 53207","Addr_type":"StreetAddress","AddNum":"3230","AddNumFrom":"3200","AddNumTo":"3298","Side":"L","StPreDir":"S","StPreType":" ","StName":"ADAMS","StType":"AV","StDir":" ","StAddr":"3230 S ADAMS AV","City":"MILWAUKEE","County":" ","State":"WI","StateAbbr":" ","ZIP":"53207","Country":"USA","LangCode":" ","Distance":0,"X":2561115.0590400002,"Y":366386.95062399999,"DisplayX":2561115.0590400002,"DisplayY":366386.95062399999,"Xmin":0,"Xmax":0,"Ymin":0,"Ymax":0,"ARC_Street":"3230 S ADAMS AV","ARC_City":"MILWAUKEE","ARC_State":"WI","ARC_ZIP":"53207","ADDRESS":"3230 S ADAMS AV","City_1":"MILWAUKEE","State_1":"WI","ZIP_1":53207,"SCH_ID":223,"SCHOOL_ID":223,"SCHOOL_NAM":"Humboldt Park","SHORT_NAM":"Humboldt Park","SAGE":"N","CAPACITY_1":452,"SOS_Cluste":"East","ENR_9_2019":638,"ENR_9_2017":594,"ENR_9_2016":591,"CLOSED":0,"OPENED":0,"IFAS_ID":"HU","YR_RND":" ","CHOICE":0,"SCHOOL_TYP":"Public","PUBLIC_SCH":"Neighborhood","SCHOOL_CLA":"K4-8","MAPCLASS":"Public Schools","POOL":0,"NON_INSTRU":0,"VACANT":-7,"CAP_ENROLL":597,"COMMENTS":"was Charter 2013; Traditional in 2014","BUILDING_N":"Humboldt","SIFI":0,"Trans_Type":" ","Active_Enr":138,"Active":1,"izones":"Zone 1","Montessori":0,"WorldLangu":0,"Immersion":0}},{"type":"Feature","id":47,"geometry":{"type":"Point","coordinates":[-87.957631063582241,43.050676237080083]},"properties":{"FID":47,"Status":"M","Score":100,"Match_type":"A","Match_addr":"1535 N 35TH ST, MILWAUKEE, WI, 53208","Addr_type":"StreetAddress","AddNum":"1535","AddNumFrom":"1501","AddNumTo":"1599","Side":"L","StPreDir":"N","StPreType":" ","StName":"35TH","StType":"ST","StDir":" ","StAddr":"1535 N 35TH ST","City":"MILWAUKEE","County":" ","State":"WI","StateAbbr":" ","ZIP":"53208","Country":"USA","LangCode":" ","Distance":0,"X":2545879.1257600002,"Y":389595.40570499998,"DisplayX":2545879.1257600002,"DisplayY":389595.40570499998,"Xmin":0,"Xmax":0,"Ymin":0,"Ymax":0,"ARC_Street":"1535 N 35th ST","ARC_City":"MILWAUKEE","ARC_State":"WI","ARC_ZIP":"53208","ADDRESS":"1535 N 35th ST","City_1":"MILWAUKEE","State_1":"WI","ZIP_1":53208,"SCH_ID":356,"SCHOOL_ID":356,"SCHOOL_NAM":"Mary McLeod Bethune Academy","SHORT_NAM":"Bethune","SAGE":"N","CAPACITY_1":452,"SOS_Cluste":"Central","ENR_9_2019":607,"ENR_9_2017":572,"ENR_9_2016":484,"CLOSED":0,"OPENED":0,"IFAS_ID":"37","YR_RND":" ","CHOICE":0,"SCHOOL_TYP":"Public","PUBLIC_SCH":"Neighborhood","SCHOOL_CLA":"HS-8","MAPCLASS":"Public Schools","POOL":0,"NON_INSTRU":0,"VACANT":15,"CAP_ENROLL":463,"COMMENTS":"7/1/2009, K4-8","BUILDING_N":"Bethune","SIFI":0,"Trans_Type":"RG","Active_Enr":133,"Active":1,"izones":"Zone 4","Montessori":0,"WorldLangu":0,"Immersion":0}},{"type":"Feature","id":48,"geometry":{"type":"Point","coordinates":[-87.97503328039258,43.059298715610218]},"properties":{"FID":48,"Status":"M","Score":100,"Match_type":"A","Match_addr":"4921 W GARFIELD AV, MILWAUKEE, WI, 53208","Addr_type":"StreetAddress","AddNum":"4921","AddNumFrom":"4901","AddNumTo":"4999","Side":"L","StPreDir":"W","StPreType":" ","StName":"GARFIELD","StType":"AV","StDir":" ","StAddr":"4921 W GARFIELD AV","City":"MILWAUKEE","County":" ","State":"WI","StateAbbr":" ","ZIP":"53208","Country":"USA","LangCode":" ","Distance":0,"X":2541152.7978400001,"Y":392623.60493099998,"DisplayX":2541152.7978400001,"DisplayY":392623.60493099998,"Xmin":0,"Xmax":0,"Ymin":0,"Ymax":0,"ARC_Street":"4921 W GARFIELD AV","ARC_City":"MILWAUKEE","ARC_State":"WI","ARC_ZIP":"53208","ADDRESS":"4921 W GARFIELD AV","City_1":"MILWAUKEE","State_1":"WI","ZIP_1":53208,"SCH_ID":217,"SCHOOL_ID":217,"SCHOOL_NAM":"Hi-Mount Community","SHORT_NAM":"Hi-Mount","SAGE":"Y","CAPACITY_1":533,"SOS_Cluste":"Central","ENR_9_2019":199,"ENR_9_2017":254,"ENR_9_2016":281,"CLOSED":0,"OPENED":0,"IFAS_ID":"HI","YR_RND":" ","CHOICE":0,"SCHOOL_TYP":"Public","PUBLIC_SCH":"Neighborhood","SCHOOL_CLA":"K4-8","MAPCLASS":"Public Schools","POOL":0,"NON_INSTRU":0,"VACANT":40,"CAP_ENROLL":408,"COMMENTS":"NSI does not include off-site (currently off-site not occupied)","BUILDING_N":"Hi-Mount","SIFI":0,"Trans_Type":"CO","Active_Enr":48,"Active":1,"izones":"Zone 3","Montessori":0,"WorldLangu":0,"Immersion":0}},{"type":"Feature","id":49,"geometry":{"type":"Point","coordinates":[-87.904355763559309,42.990877440054739]},"properties":{"FID":49,"Status":"M","Score":100,"Match_type":"A","Match_addr":"2969 S HOWELL AV, MILWAUKEE, WI, 53207","Addr_type":"StreetAddress","AddNum":"2969","AddNumFrom":"2933","AddNumTo":"2999","Side":"R","StPreDir":"S","StPreType":" ","StName":"HOWELL","StType":"AV","StDir":" ","StAddr":"2969 S HOWELL AV","City":"MILWAUKEE","County":" ","State":"WI","StateAbbr":" ","ZIP":"53207","Country":"USA","LangCode":" ","Distance":0,"X":2560662.2588,"Y":368161.31108100002,"DisplayX":2560662.2588,"DisplayY":368161.31108100002,"Xmin":0,"Xmax":0,"Ymin":0,"Ymax":0,"ARC_Street":"2969 S HOWELL AV","ARC_City":"MILWAUKEE","ARC_State":"WI","ARC_ZIP":"53207","ADDRESS":"2969 S HOWELL AV","City_1":"MILWAUKEE","State_1":"WI","ZIP_1":53207,"SCH_ID":362,"SCHOOL_ID":362,"SCHOOL_NAM":"Milw Parkside Arts","SHORT_NAM":"Milw Parkside","SAGE":"N","CAPACITY_1":1066,"SOS_Cluste":"East","ENR_9_2019":852,"ENR_9_2017":810,"ENR_9_2016":759,"CLOSED":0,"OPENED":0,"IFAS_ID":" ","YR_RND":" ","CHOICE":0,"SCHOOL_TYP":"Public","PUBLIC_SCH":"Neighborhood Specialty","SCHOOL_CLA":"K4-8","MAPCLASS":"Public Schools","POOL":0,"NON_INSTRU":0,"VACANT":0,"CAP_ENROLL":0,"COMMENTS":"Merged Dover & Tippecanoe in old Fritsche bldg","BUILDING_N":"Parkside","SIFI":0,"Trans_Type":" ","Active_Enr":78,"Active":1,"izones":"Zone 2","Montessori":0,"WorldLangu":0,"Immersion":0}},{"type":"Feature","id":50,"geometry":{"type":"Point","coordinates":[-87.983037829101548,43.038874483828096]},"properties":{"FID":50,"Status":"M","Score":100,"Match_type":"A","Match_addr":"5610 W WISCONSIN AV, MILWAUKEE, WI, 53208","Addr_type":"StreetAddress","AddNum":"5610","AddNumFrom":"5500","AddNumTo":"5698","Side":"R","StPreDir":"W","StPreType":" ","StName":"WISCONSIN","StType":"AV","StDir":" ","StAddr":"5610 W WISCONSIN AV","City":"MILWAUKEE","County":" ","State":"WI","StateAbbr":" ","ZIP":"53208","Country":"USA","LangCode":" ","Distance":0,"X":2539194.2399900001,"Y":385130.11625100003,"DisplayX":2539194.2399900001,"DisplayY":385130.11625100003,"Xmin":0,"Xmax":0,"Ymin":0,"Ymax":0,"ARC_Street":"5610 W WISCONSIN AV","ARC_City":"MILWAUKEE","ARC_State":"WI","ARC_ZIP":"53208","ADDRESS":"5610 W WISCONSIN AV","City_1":"MILWAUKEE","State_1":"WI","ZIP_1":53208,"SCH_ID":211,"SCHOOL_ID":211,"SCHOOL_NAM":"Hawley Environmental","SHORT_NAM":"Hawley","SAGE":"N","CAPACITY_1":253,"SOS_Cluste":"Central","ENR_9_2019":371,"ENR_9_2017":368,"ENR_9_2016":335,"CLOSED":0,"OPENED":0,"IFAS_ID":"HL","YR_RND":" ","CHOICE":0,"SCHOOL_TYP":"Public","PUBLIC_SCH":"Regular Education","SCHOOL_CLA":"K4-5","MAPCLASS":"Public Schools","POOL":0,"NON_INSTRU":0,"VACANT":3,"CAP_ENROLL":315,"COMMENTS":" ","BUILDING_N":"Hawley","SIFI":0,"Trans_Type":"CH","Active_Enr":159,"Active":1,"izones":"Zone 2","Montessori":0,"WorldLangu":0,"Immersion":0}},{"type":"Feature","id":51,"geometry":{"type":"Point","coordinates":[-87.947696712276439,43.047569484832884]},"properties":{"FID":51,"Status":"M","Score":100,"Match_type":"A","Match_addr":"1312 N 27TH ST, MILWAUKEE, WI, 53208","Addr_type":"StreetAddress","AddNum":"1312","AddNumFrom":"1300","AddNumTo":"1398","Side":"R","StPreDir":"N","StPreType":" ","StName":"27TH","StType":"ST","StDir":" ","StAddr":"1312 N 27TH ST","City":"MILWAUKEE","County":" ","State":"WI","StateAbbr":" ","ZIP":"53208","Country":"USA","LangCode":" ","Distance":0,"X":2548561.5240699998,"Y":388528.64764500002,"DisplayX":2548561.5240699998,"DisplayY":388528.64764500002,"Xmin":0,"Xmax":0,"Ymin":0,"Ymax":0,"ARC_Street":"1312 N 27th ST","ARC_City":"MILWAUKEE","ARC_State":"WI","ARC_ZIP":"53208","ADDRESS":"1312 N 27th ST","City_1":"MILWAUKEE","State_1":"WI","ZIP_1":53208,"SCH_ID":19,"SCHOOL_ID":236,"SCHOOL_NAM":"James E Groppi","SHORT_NAM":"Groppi","SAGE":"N","CAPACITY_1":526,"SOS_Cluste":"High School","ENR_9_2019":129,"ENR_9_2017":144,"ENR_9_2016":238,"CLOSED":0,"OPENED":0,"IFAS_ID":"KM","YR_RND":" ","CHOICE":0,"SCHOOL_TYP":"Public","PUBLIC_SCH":"Alternative","SCHOOL_CLA":"9-12","MAPCLASS":"Public Schools","POOL":0,"NON_INSTRU":0,"VACANT":0,"CAP_ENROLL":0,"COMMENTS":"moved to Twenty-seventh St","BUILDING_N":"Groppi","SIFI":0,"Trans_Type":"CW","Active_Enr":24,"Active":1,"izones":"Zone 6","Montessori":0,"WorldLangu":0,"Immersion":0}},{"type":"Feature","id":52,"geometry":{"type":"Point","coordinates":[-87.961327536361239,43.041695653880893]},"properties":{"FID":52,"Status":"M","Score":100,"Match_type":"A","Match_addr":"3815 W KILBOURN AV, MILWAUKEE, WI, 53208","Addr_type":"StreetAddress","AddNum":"3815","AddNumFrom":"3801","AddNumTo":"3899","Side":"L","StPreDir":"W","StPreType":" ","StName":"KILBOURN","StType":"AV","StDir":" ","StAddr":"3815 W KILBOURN AV","City":"MILWAUKEE","County":" ","State":"WI","StateAbbr":" ","ZIP":"53208","Country":"USA","LangCode":" ","Distance":0,"X":2544971.4110599998,"Y":386299.14181300002,"DisplayX":2544971.4110599998,"DisplayY":386299.14181300002,"Xmin":0,"Xmax":0,"Ymin":0,"Ymax":0,"ARC_Street":"3815 W KILBOURN AV","ARC_City":"MILWAUKEE","ARC_State":"WI","ARC_ZIP":"53208","ADDRESS":"3815 W KILBOURN AV","City_1":"MILWAUKEE","State_1":"WI","ZIP_1":53208,"SCH_ID":343,"SCHOOL_ID":343,"SCHOOL_NAM":"Story","SHORT_NAM":"Story","SAGE":"y","CAPACITY_1":442,"SOS_Cluste":"Central","ENR_9_2019":412,"ENR_9_2017":425,"ENR_9_2016":410,"CLOSED":0,"OPENED":0,"IFAS_ID":"SY","YR_RND":" ","CHOICE":0,"SCHOOL_TYP":"Public","PUBLIC_SCH":"Neighborhood","SCHOOL_CLA":"K4-8","MAPCLASS":"Public Schools","POOL":0,"NON_INSTRU":0,"VACANT":29,"CAP_ENROLL":462,"COMMENTS":"7/1/14 Commitment Sch","BUILDING_N":"Story","SIFI":1,"Trans_Type":"RG","Active_Enr":102,"Active":1,"izones":"Zone 4","Montessori":0,"WorldLangu":0,"Immersion":0}},{"type":"Feature","id":53,"geometry":{"type":"Point","coordinates":[-87.982481076623529,43.051738362047956]},"properties":{"FID":53,"Status":"M","Score":100,"Match_type":"A","Match_addr":"1601 N HAWLEY RD, MILWAUKEE, WI, 53208","Addr_type":"StreetAddress","AddNum":"1601","AddNumFrom":"1601","AddNumTo":"1699","Side":"L","StPreDir":"N","StPreType":" ","StName":"HAWLEY","StType":"RD","StDir":" ","StAddr":"1601 N HAWLEY RD","City":"MILWAUKEE","County":" ","State":"WI","StateAbbr":" ","ZIP":"53208","Country":"USA","LangCode":" ","Distance":0,"X":2539229.6165900002,"Y":389820.71837800002,"DisplayX":2539229.6165900002,"DisplayY":389820.71837800002,"Xmin":0,"Xmax":0,"Ymin":0,"Ymax":0,"ARC_Street":"1601 N HAWLEY RD","ARC_City":"MILWAUKEE","ARC_State":"WI","ARC_ZIP":"53208","ADDRESS":"1601 N HAWLEY RD","City_1":"MILWAUKEE","State_1":"WI","ZIP_1":53208,"SCH_ID":283,"SCHOOL_ID":283,"SCHOOL_NAM":"Neeskara","SHORT_NAM":"Neeskara","SAGE":"Y","CAPACITY_1":479,"SOS_Cluste":"Central","ENR_9_2019":383,"ENR_9_2017":365,"ENR_9_2016":370,"CLOSED":0,"OPENED":0,"IFAS_ID":"NE","YR_RND":" ","CHOICE":0,"SCHOOL_TYP":"Public","PUBLIC_SCH":"Neighborhood","SCHOOL_CLA":"K4-5","MAPCLASS":"Public Schools","POOL":0,"NON_INSTRU":0,"VACANT":4,"CAP_ENROLL":436,"COMMENTS":" ","BUILDING_N":"Neeskara","SIFI":0,"Trans_Type":"RG","Active_Enr":88,"Active":1,"izones":"Zone 3","Montessori":0,"WorldLangu":0,"Immersion":0}},{"type":"Feature","id":54,"geometry":{"type":"Point","coordinates":[-87.952607347494293,43.055744234854302]},"properties":{"FID":54,"Status":"M","Score":100,"Match_type":"A","Match_addr":"1945 N 31ST ST, MILWAUKEE, WI, 53208","Addr_type":"StreetAddress","AddNum":"1945","AddNumFrom":"1901","AddNumTo":"1999","Side":"L","StPreDir":"N","StPreType":" ","StName":"31ST","StType":"ST","StDir":" ","StAddr":"1945 N 31ST ST","City":"MILWAUKEE","County":" ","State":"WI","StateAbbr":" ","ZIP":"53208","Country":"USA","LangCode":" ","Distance":0,"X":2547176.15497,"Y":391474.85945500003,"DisplayX":2547176.15497,"DisplayY":391474.85945500003,"Xmin":0,"Xmax":0,"Ymin":0,"Ymax":0,"ARC_Street":"1945 N 31st ST","ARC_City":"MILWAUKEE","ARC_State":"WI","ARC_ZIP":"53208","ADDRESS":"1945 N 31st ST","City_1":"MILWAUKEE","State_1":"WI","ZIP_1":53208,"SCH_ID":370,"SCHOOL_ID":130,"SCHOOL_NAM":"Westside Academy I","SHORT_NAM":"Westside Academy","SAGE":"Y","CAPACITY_1":368,"SOS_Cluste":"Central","ENR_9_2019":220,"ENR_9_2017":297,"ENR_9_2016":196,"CLOSED":0,"OPENED":0,"IFAS_ID":"W1","YR_RND":" ","CHOICE":0,"SCHOOL_TYP":"Public","PUBLIC_SCH":"Neighborhood","SCHOOL_CLA":"HS-5","MAPCLASS":"Public Schools","POOL":0,"NON_INSTRU":0,"VACANT":40,"CAP_ENROLL":323,"COMMENTS":"was Charter in 2013; Traditional in 2014","BUILDING_N":"Westside","SIFI":0,"Trans_Type":" ","Active_Enr":67,"Active":1,"izones":"Zone 4","Montessori":0,"WorldLangu":0,"Immersion":0}},{"type":"Feature","id":55,"geometry":{"type":"Point","coordinates":[-87.956429542626992,43.060696082522938]},"properties":{"FID":55,"Status":"M","Score":100,"Match_type":"A","Match_addr":"3400 W NORTH AV, MILWAUKEE, WI, 53208","Addr_type":"StreetAddress","AddNum":"3400","AddNumFrom":"3400","AddNumTo":"3498","Side":"R","StPreDir":"W","StPreType":" ","StName":"NORTH","StType":"AV","StDir":" ","StAddr":"3400 W NORTH AV","City":"MILWAUKEE","County":" ","State":"WI","StateAbbr":" ","ZIP":"53208","Country":"USA","LangCode":" ","Distance":0,"X":2546110.6953799999,"Y":393254.01565299998,"DisplayX":2546110.6953799999,"DisplayY":393254.01565299998,"Xmin":0,"Xmax":0,"Ymin":0,"Ymax":0,"ARC_Street":"3400 W NORTH AV","ARC_City":"MILWAUKEE","ARC_State":"WI","ARC_ZIP":"53208","ADDRESS":"3400 W NORTH AV","City_1":"MILWAUKEE","State_1":"WI","ZIP_1":53208,"SCH_ID":270,"SCHOOL_ID":525,"SCHOOL_NAM":"Ralph H Metcalfe","SHORT_NAM":"Metcalfe","SAGE":"Y","CAPACITY_1":438,"SOS_Cluste":"Central","ENR_9_2019":346,"ENR_9_2017":300,"ENR_9_2016":301,"CLOSED":0,"OPENED":0,"IFAS_ID":"MQ","YR_RND":"Y","CHOICE":0,"SCHOOL_TYP":"Public","PUBLIC_SCH":"Neighborhood","SCHOOL_CLA":"K4-8","MAPCLASS":"Public Schools","POOL":0,"NON_INSTRU":0,"VACANT":15,"CAP_ENROLL":338,"COMMENTS":" ","BUILDING_N":"Metcalfe","SIFI":1,"Trans_Type":"RG","Active_Enr":65,"Active":1,"izones":"Zone 5","Montessori":0,"WorldLangu":0,"Immersion":0}},{"type":"Feature","id":56,"geometry":{"type":"Point","coordinates":[-87.958698256296231,43.055536040939458]},"properties":{"FID":56,"Status":"M","Score":100,"Match_type":"A","Match_addr":"1940 N 36TH ST, MILWAUKEE, WI, 53208","Addr_type":"StreetAddress","AddNum":"1940","AddNumFrom":"1900","AddNumTo":"1998","Side":"R","StPreDir":"N","StPreType":" ","StName":"36TH","StType":"ST","StDir":" ","StAddr":"1940 N 36TH ST","City":"MILWAUKEE","County":" ","State":"WI","StateAbbr":" ","ZIP":"53208","Country":"USA","LangCode":" ","Distance":0,"X":2545550.60891,"Y":391359.09792099998,"DisplayX":2545550.60891,"DisplayY":391359.09792099998,"Xmin":0,"Xmax":0,"Ymin":0,"Ymax":0,"ARC_Street":"1940 N 36th ST","ARC_City":"MILWAUKEE","ARC_State":"WI","ARC_ZIP":"53208","ADDRESS":"1940 N 36th ST","City_1":"MILWAUKEE","State_1":"WI","ZIP_1":53208,"SCH_ID":370,"SCHOOL_ID":130,"SCHOOL_NAM":"Westside Academy II","SHORT_NAM":"Westside II","SAGE":"N","CAPACITY_1":398,"SOS_Cluste":"Central","ENR_9_2019":0,"ENR_9_2017":0,"ENR_9_2016":169,"CLOSED":0,"OPENED":0,"IFAS_ID":"WE","YR_RND":" ","CHOICE":0,"SCHOOL_TYP":"Public","PUBLIC_SCH":"Neighborhood","SCHOOL_CLA":"4-8","MAPCLASS":"Public Schools","POOL":0,"NON_INSTRU":0,"VACANT":25,"CAP_ENROLL":378,"COMMENTS":"was Charter in 2013; Traditional in 2014","BUILDING_N":"Westside II","SIFI":0,"Trans_Type":" ","Active_Enr":0,"Active":0,"izones":"No Zone","Montessori":0,"WorldLangu":0,"Immersion":0}},{"type":"Feature","id":57,"geometry":{"type":"Point","coordinates":[-87.958698256296231,43.055536040939458]},"properties":{"FID":57,"Status":"M","Score":100,"Match_type":"A","Match_addr":"1940 N 36TH ST, MILWAUKEE, WI, 53208","Addr_type":"StreetAddress","AddNum":"1940","AddNumFrom":"1900","AddNumTo":"1998","Side":"R","StPreDir":"N","StPreType":" ","StName":"36TH","StType":"ST","StDir":" ","StAddr":"1940 N 36TH ST","City":"MILWAUKEE","County":" ","State":"WI","StateAbbr":" ","ZIP":"53208","Country":"USA","LangCode":" ","Distance":0,"X":2545550.60891,"Y":391359.09792099998,"DisplayX":2545550.60891,"DisplayY":391359.09792099998,"Xmin":0,"Xmax":0,"Ymin":0,"Ymax":0,"ARC_Street":"1940 N 36th ST","ARC_City":"MILWAUKEE","ARC_State":"WI","ARC_ZIP":"53208","ADDRESS":"1940 N 36th ST","City_1":"MILWAUKEE","State_1":"WI","ZIP_1":53208,"SCH_ID":88,"SCHOOL_ID":433,"SCHOOL_NAM":"Transition High School","SHORT_NAM":"Transition","SAGE":"N","CAPACITY_1":0,"SOS_Cluste":"High School","ENR_9_2019":154,"ENR_9_2017":200,"ENR_9_2016":165,"CLOSED":0,"OPENED":0,"IFAS_ID":" ","YR_RND":" ","CHOICE":0,"SCHOOL_TYP":"Public","PUBLIC_SCH":"Alternative","SCHOOL_CLA":"9-12","MAPCLASS":"Public Schools","POOL":0,"NON_INSTRU":0,"VACANT":0,"CAP_ENROLL":0,"COMMENTS":"merge w/TLC 7/1/14 at same addr","BUILDING_N":"Transition HS","SIFI":0,"Trans_Type":" ","Active_Enr":46,"Active":1,"izones":"Zone 6","Montessori":0,"WorldLangu":0,"Immersion":0}},{"type":"Feature","id":58,"geometry":{"type":"Point","coordinates":[-87.933195096024548,43.094033329539393]},"properties":{"FID":58,"Status":"M","Score":100,"Match_type":"A","Match_addr":"1801 W OLIVE ST, MILWAUKEE, WI, 53209","Addr_type":"StreetAddress","AddNum":"1801","AddNumFrom":"1801","AddNumTo":"1899","Side":"L","StPreDir":"W","StPreType":" ","StName":"OLIVE","StType":"ST","StDir":" ","StAddr":"1801 W OLIVE ST","City":"MILWAUKEE","County":" ","State":"WI","StateAbbr":" ","ZIP":"53209","Country":"USA","LangCode":" ","Distance":0,"X":2552016.9654000001,"Y":405553.43806399999,"DisplayX":2552016.9654000001,"DisplayY":405553.43806399999,"Xmin":0,"Xmax":0,"Ymin":0,"Ymax":0,"ARC_Street":"1801 W OLIVE ST","ARC_City":"MILWAUKEE","ARC_State":"WI","ARC_ZIP":"53209","ADDRESS":"1801 W OLIVE ST","City_1":"MILWAUKEE","State_1":"WI","ZIP_1":53209,"SCH_ID":20,"SCHOOL_ID":20,"SCHOOL_NAM":"Rufus King International HS","SHORT_NAM":"Rufus King IB HS","SAGE":"N","CAPACITY_1":1024,"SOS_Cluste":"High School","ENR_9_2019":1472,"ENR_9_2017":1516,"ENR_9_2016":1465,"CLOSED":0,"OPENED":0,"IFAS_ID":"RK","YR_RND":" ","CHOICE":0,"SCHOOL_TYP":"Public","PUBLIC_SCH":"Specialty-IB","SCHOOL_CLA":"9-12","MAPCLASS":"Public Schools","POOL":0,"NON_INSTRU":0,"VACANT":-25,"CAP_ENROLL":1527,"COMMENTS":" ","BUILDING_N":"King IB HS","SIFI":0,"Trans_Type":"CW","Active_Enr":130,"Active":1,"izones":"Zone 6","Montessori":0,"WorldLangu":1,"Immersion":0}},{"type":"Feature","id":59,"geometry":{"type":"Point","coordinates":[-87.963145105992567,43.143985198250974]},"properties":{"FID":59,"Status":"M","Score":100,"Match_type":"A","Match_addr":"6945 N 41ST ST, MILWAUKEE, WI, 53209","Addr_type":"StreetAddress","AddNum":"6945","AddNumFrom":"6933","AddNumTo":"6999","Side":"L","StPreDir":"N","StPreType":" ","StName":"41ST","StType":"ST","StDir":" ","StAddr":"6945 N 41ST ST","City":"MILWAUKEE","County":" ","State":"WI","StateAbbr":" ","ZIP":"53209","Country":"USA","LangCode":" ","Distance":0,"X":2543575.12904,"Y":423556.77237600001,"DisplayX":2543575.12904,"DisplayY":423556.77237600001,"Xmin":0,"Xmax":0,"Ymin":0,"Ymax":0,"ARC_Street":"6945 N 41st ST","ARC_City":"MILWAUKEE","ARC_State":"WI","ARC_ZIP":"53209","ADDRESS":"6945 N 41st ST","City_1":"MILWAUKEE","State_1":"WI","ZIP_1":53209,"SCH_ID":212,"SCHOOL_ID":212,"SCHOOL_NAM":"Nathaniel Hawthorne","SHORT_NAM":"Hawthorne","SAGE":"Y","CAPACITY_1":269,"SOS_Cluste":"Northwest","ENR_9_2019":297,"ENR_9_2017":323,"ENR_9_2016":229,"CLOSED":0,"OPENED":0,"IFAS_ID":"HW","YR_RND":"Y","CHOICE":0,"SCHOOL_TYP":"Public","PUBLIC_SCH":"Neighborhood","SCHOOL_CLA":"HS-5","MAPCLASS":"Public Schools","POOL":0,"NON_INSTRU":0,"VACANT":10,"CAP_ENROLL":364,"COMMENTS":" ","BUILDING_N":"Hawthorne","SIFI":0,"Trans_Type":"RG","Active_Enr":102,"Active":1,"izones":"Zone 5","Montessori":0,"WorldLangu":0,"Immersion":0}},{"type":"Feature","id":60,"geometry":{"type":"Point","coordinates":[-87.941543918742752,43.107518030035664]},"properties":{"FID":60,"Status":"M","Score":100,"Match_type":"A","Match_addr":"4950 N 24TH ST, MILWAUKEE, WI, 53209","Addr_type":"StreetAddress","AddNum":"4950","AddNumFrom":"4900","AddNumTo":"4998","Side":"R","StPreDir":"N","StPreType":" ","StName":"24TH","StType":"ST","StDir":" ","StAddr":"4950 N 24TH ST","City":"MILWAUKEE","County":" ","State":"WI","StateAbbr":" ","ZIP":"53209","Country":"USA","LangCode":" ","Distance":0,"X":2549666.3805399998,"Y":410411.44688,"DisplayX":2549666.3805399998,"DisplayY":410411.44688,"Xmin":0,"Xmax":0,"Ymin":0,"Ymax":0,"ARC_Street":"4950 N 24th ST","ARC_City":"MILWAUKEE","ARC_State":"WI","ARC_ZIP":"53209","ADDRESS":"4950 N 24th ST","City_1":"MILWAUKEE","State_1":"WI","ZIP_1":53209,"SCH_ID":999,"SCHOOL_ID":885,"SCHOOL_NAM":"Milw Excellence Charter Sch","SHORT_NAM":"Milw Excellence","SAGE":"N","CAPACITY_1":0,"SOS_Cluste":"Contracted","ENR_9_2019":444,"ENR_9_2017":234,"ENR_9_2016":1,"CLOSED":0,"OPENED":0,"IFAS_ID":" ","YR_RND":" ","CHOICE":0,"SCHOOL_TYP":"Contracted","PUBLIC_SCH":"Charter","SCHOOL_CLA":"9-10","MAPCLASS":"Charter Schools","POOL":0,"NON_INSTRU":0,"VACANT":0,"CAP_ENROLL":206,"COMMENTS":" ","BUILDING_N":"Milw Excellence - Leased","SIFI":0,"Trans_Type":" ","Active_Enr":44,"Active":1,"izones":"No Zone","Montessori":0,"WorldLangu":0,"Immersion":0}},{"type":"Feature","id":61,"geometry":{"type":"Point","coordinates":[-87.966454427225344,43.109487471592864]},"properties":{"FID":61,"Status":"M","Score":100,"Match_type":"A","Match_addr":"5075 N SHERMAN BL, MILWAUKEE, WI, 53209","Addr_type":"StreetAddress","AddNum":"5075","AddNumFrom":"5001","AddNumTo":"5099","Side":"L","StPreDir":"N","StPreType":" ","StName":"SHERMAN","StType":"BL","StDir":" ","StAddr":"5075 N SHERMAN BL","City":"MILWAUKEE","County":" ","State":"WI","StateAbbr":" ","ZIP":"53209","Country":"USA","LangCode":" ","Distance":0,"X":2542998.7867100001,"Y":410965.820641,"DisplayX":2542998.7867100001,"DisplayY":410965.820641,"Xmin":0,"Xmax":0,"Ymin":0,"Ymax":0,"ARC_Street":"5075 N SHERMAN BL","ARC_City":"MILWAUKEE","ARC_State":"WI","ARC_ZIP":"53209","ADDRESS":"5075 N SHERMAN BL","City_1":"MILWAUKEE","State_1":"WI","ZIP_1":53209,"SCH_ID":106,"SCHOOL_ID":840,"SCHOOL_NAM":"Obama School of Career & Technical Ed","SHORT_NAM":"Obama SCTE","SAGE":"Y","CAPACITY_1":1467,"SOS_Cluste":"High School","ENR_9_2019":624,"ENR_9_2017":750,"ENR_9_2016":680,"CLOSED":0,"OPENED":0,"IFAS_ID":" ","YR_RND":" ","CHOICE":0,"SCHOOL_TYP":"Public","PUBLIC_SCH":"Neighborhood","SCHOOL_CLA":"HS-12","MAPCLASS":"Public Schools","POOL":0,"NON_INSTRU":0,"VACANT":0,"CAP_ENROLL":0,"COMMENTS":"7/1/14 Obama & SCTE merged, new=Commitment Sch","BUILDING_N":"Obama SCTE","SIFI":0,"Trans_Type":" ","Active_Enr":44,"Active":1,"izones":"Zone 8","Montessori":0,"WorldLangu":1,"Immersion":0}},{"type":"Feature","id":62,"geometry":{"type":"Point","coordinates":[-87.943303123663426,43.098211713972475]},"properties":{"FID":62,"Status":"M","Score":100,"Match_type":"A","Match_addr":"4456 N TEUTONIA AV, MILWAUKEE, WI, 53209","Addr_type":"StreetAddress","AddNum":"4456","AddNumFrom":"4414","AddNumTo":"4498","Side":"R","StPreDir":"N","StPreType":" ","StName":"TEUTONIA","StType":"AV","StDir":" ","StAddr":"4456 N TEUTONIA AV","City":"MILWAUKEE","County":" ","State":"WI","StateAbbr":" ","ZIP":"53209","Country":"USA","LangCode":" ","Distance":0,"X":2549280.3942999998,"Y":407009.08945500001,"DisplayX":2549280.3942999998,"DisplayY":407009.08945500001,"Xmin":0,"Xmax":0,"Ymin":0,"Ymax":0,"ARC_Street":"4456 N TEUTONIA AV","ARC_City":"MILWAUKEE","ARC_State":"WI","ARC_ZIP":"53209","ADDRESS":"4456 N TEUTONIA AV","City_1":"MILWAUKEE","State_1":"WI","ZIP_1":53209,"SCH_ID":188,"SCHOOL_ID":188,"SCHOOL_NAM":"Lloyd Barbee Montessori","SHORT_NAM":"Barbee Mont","SAGE":"N","CAPACITY_1":506,"SOS_Cluste":"Central","ENR_9_2019":315,"ENR_9_2017":335,"ENR_9_2016":253,"CLOSED":0,"OPENED":0,"IFAS_ID":"GH","YR_RND":" ","CHOICE":0,"SCHOOL_TYP":"Public","PUBLIC_SCH":"Specialty-Montessori","SCHOOL_CLA":"K3-6","MAPCLASS":"Public Schools","POOL":0,"NON_INSTRU":0,"VACANT":45,"CAP_ENROLL":319,"COMMENTS":" ","BUILDING_N":"Lloyd Barbee Montessori","SIFI":0,"Trans_Type":"CL","Active_Enr":71,"Active":1,"izones":"Zone 5","Montessori":1,"WorldLangu":0,"Immersion":0}},{"type":"Feature","id":63,"geometry":{"type":"Point","coordinates":[-87.9324151818671,43.109266719848954]},"properties":{"FID":63,"Status":"M","Score":100,"Match_type":"A","Match_addr":"5131 N GREEN BAY AV, MILWAUKEE, WI, 53209","Addr_type":"StreetAddress","AddNum":"5131","AddNumFrom":"5115","AddNumTo":"5199","Side":"L","StPreDir":"N","StPreType":" ","StName":"GREEN BAY","StType":"AV","StDir":" ","StAddr":"5131 N GREEN BAY AV","City":"MILWAUKEE","County":" ","State":"WI","StateAbbr":" ","ZIP":"53209","Country":"USA","LangCode":" ","Distance":0,"X":2552087.5682999999,"Y":411108.886023,"DisplayX":2552087.5682999999,"DisplayY":411108.886023,"Xmin":0,"Xmax":0,"Ymin":0,"Ymax":0,"ARC_Street":"5131 N GREEN BAY AV","ARC_City":"MILWAUKEE","ARC_State":"WI","ARC_ZIP":"53209","ADDRESS":"5131 N GREEN BAY AV","City_1":"MILWAUKEE","State_1":"WI","ZIP_1":53209,"SCH_ID":325,"SCHOOL_ID":325,"SCHOOL_NAM":"Marvin E. Pratt School","SHORT_NAM":"Marvin Pratt","SAGE":"Y","CAPACITY_1":226,"SOS_Cluste":"Central","ENR_9_2019":287,"ENR_9_2017":286,"ENR_9_2016":247,"CLOSED":0,"OPENED":0,"IFAS_ID":"SV","YR_RND":"Y","CHOICE":0,"SCHOOL_TYP":"Public","PUBLIC_SCH":"Neighborhood","SCHOOL_CLA":"HS-5","MAPCLASS":"Public Schools","POOL":0,"NON_INSTRU":0,"VACANT":17,"CAP_ENROLL":348,"COMMENTS":" ","BUILDING_N":"Marvin Pratt","SIFI":0,"Trans_Type":"CL","Active_Enr":99,"Active":1,"izones":"Zone 2","Montessori":0,"WorldLangu":1,"Immersion":0}},{"type":"Feature","id":64,"geometry":{"type":"Point","coordinates":[-87.957019949126774,43.102593360284324]},"properties":{"FID":64,"Status":"M","Score":100,"Match_type":"A","Match_addr":"3517 W COURTLAND AV, MILWAUKEE, WI, 53209","Addr_type":"StreetAddress","AddNum":"3517","AddNumFrom":"3501","AddNumTo":"3599","Side":"L","StPreDir":"W","StPreType":" ","StName":"COURTLAND","StType":"AV","StDir":" ","StAddr":"3517 W COURTLAND AV","City":"MILWAUKEE","County":" ","State":"WI","StateAbbr":" ","ZIP":"53209","Country":"USA","LangCode":" ","Distance":0,"X":2545578.8860399998,"Y":408515.50632099999,"DisplayX":2545578.8860399998,"DisplayY":408515.50632099999,"Xmin":0,"Xmax":0,"Ymin":0,"Ymax":0,"ARC_Street":"3517 W COURTLAND AV","ARC_City":"MILWAUKEE","ARC_State":"WI","ARC_ZIP":"53209","ADDRESS":"3517 W COURTLAND AV","City_1":"MILWAUKEE","State_1":"WI","ZIP_1":53209,"SCH_ID":418,"SCHOOL_ID":1063,"SCHOOL_NAM":"ASSATA","SHORT_NAM":"ASSATA","SAGE":"N","CAPACITY_1":486,"SOS_Cluste":"Contracted","ENR_9_2019":93,"ENR_9_2017":106,"ENR_9_2016":125,"CLOSED":0,"OPENED":0,"IFAS_ID":"AS","YR_RND":" ","CHOICE":0,"SCHOOL_TYP":"Contracted","PUBLIC_SCH":"Alternative","SCHOOL_CLA":"9-12","MAPCLASS":"Partnership School","POOL":0,"NON_INSTRU":0,"VACANT":0,"CAP_ENROLL":0,"COMMENTS":" ","BUILDING_N":"Assata - Leased","SIFI":0,"Trans_Type":" ","Active_Enr":41,"Active":1,"izones":"No Zone","Montessori":0,"WorldLangu":0,"Immersion":0}},{"type":"Feature","id":65,"geometry":{"type":"Point","coordinates":[-87.957019949126774,43.102593360284324]},"properties":{"FID":65,"Status":"M","Score":100,"Match_type":"A","Match_addr":"3517 W COURTLAND AV, MILWAUKEE, WI, 53209","Addr_type":"StreetAddress","AddNum":"3517","AddNumFrom":"3501","AddNumTo":"3599","Side":"L","StPreDir":"W","StPreType":" ","StName":"COURTLAND","StType":"AV","StDir":" ","StAddr":"3517 W COURTLAND AV","City":"MILWAUKEE","County":" ","State":"WI","StateAbbr":" ","ZIP":"53209","Country":"USA","LangCode":" ","Distance":0,"X":2545578.8860399998,"Y":408515.50632099999,"DisplayX":2545578.8860399998,"DisplayY":408515.50632099999,"Xmin":0,"Xmax":0,"Ymin":0,"Ymax":0,"ARC_Street":"3517 W COURTLAND AV","ARC_City":"MILWAUKEE","ARC_State":"WI","ARC_ZIP":"53209","ADDRESS":"3517 W COURTLAND AV","City_1":"MILWAUKEE","State_1":"WI","ZIP_1":53209,"SCH_ID":427,"SCHOOL_ID":432,"SCHOOL_NAM":"Banner Preparatory","SHORT_NAM":"Banner Prep","SAGE":"N","CAPACITY_1":0,"SOS_Cluste":"Contracted","ENR_9_2019":60,"ENR_9_2017":77,"ENR_9_2016":63,"CLOSED":0,"OPENED":0,"IFAS_ID":" ","YR_RND":" ","CHOICE":0,"SCHOOL_TYP":"Contracted","PUBLIC_SCH":"Alternative","SCHOOL_CLA":"6-12","MAPCLASS":"Partnership School","POOL":0,"NON_INSTRU":0,"VACANT":0,"CAP_ENROLL":0,"COMMENTS":"8/1/15 new address","BUILDING_N":" ","SIFI":0,"Trans_Type":" ","Active_Enr":0,"Active":1,"izones":"No Zone","Montessori":0,"WorldLangu":0,"Immersion":0}},{"type":"Feature","id":66,"geometry":{"type":"Point","coordinates":[-87.956056186909734,43.125946693789928]},"properties":{"FID":66,"Status":"M","Score":100,"Match_type":"A","Match_addr":"5966 N 35TH ST, MILWAUKEE, WI, 53209","Addr_type":"StreetAddress","AddNum":"5966","AddNumFrom":"5850","AddNumTo":"5998","Side":"R","StPreDir":"N","StPreType":" ","StName":"35TH","StType":"ST","StDir":" ","StAddr":"5966 N 35TH ST","City":"MILWAUKEE","County":" ","State":"WI","StateAbbr":" ","ZIP":"53209","Country":"USA","LangCode":" ","Distance":0,"X":2545627.5863199998,"Y":417030.66685799998,"DisplayX":2545627.5863199998,"DisplayY":417030.66685799998,"Xmin":0,"Xmax":0,"Ymin":0,"Ymax":0,"ARC_Street":"5966 N 35th ST","ARC_City":"MILWAUKEE","ARC_State":"WI","ARC_ZIP":"53209","ADDRESS":"5966 N 35th ST","City_1":"MILWAUKEE","State_1":"WI","ZIP_1":53209,"SCH_ID":154,"SCHOOL_ID":154,"SCHOOL_NAM":"Thurston Woods","SHORT_NAM":"Thurston Wds","SAGE":"Y","CAPACITY_1":414,"SOS_Cluste":"Central","ENR_9_2019":441,"ENR_9_2017":454,"ENR_9_2016":407,"CLOSED":0,"OPENED":0,"IFAS_ID":"TW","YR_RND":" ","CHOICE":0,"SCHOOL_TYP":"Public","PUBLIC_SCH":"Neighborhood","SCHOOL_CLA":"HS-8","MAPCLASS":"Public Schools","POOL":0,"NON_INSTRU":0,"VACANT":27,"CAP_ENROLL":480,"COMMENTS":"7/1/14 Commitment Sch","BUILDING_N":"Thurston Woods","SIFI":0,"Trans_Type":"CL","Active_Enr":99,"Active":1,"izones":"Zone 4","Montessori":0,"WorldLangu":0,"Immersion":0}},{"type":"Feature","id":67,"geometry":{"type":"Point","coordinates":[-87.949924584992189,43.065113215400267]},"properties":{"FID":67,"Status":"M","Score":100,"Match_type":"A","Match_addr":"2545 N 29TH ST, MILWAUKEE, WI, 53210","Addr_type":"StreetAddress","AddNum":"2545","AddNumFrom":"2501","AddNumTo":"2599","Side":"L","StPreDir":"N","StPreType":" ","StName":"29TH","StType":"ST","StDir":" ","StAddr":"2545 N 29TH ST","City":"MILWAUKEE","County":" ","State":"WI","StateAbbr":" ","ZIP":"53210","Country":"USA","LangCode":" ","Distance":0,"X":2547809.0098299999,"Y":394906.06775300001,"DisplayX":2547809.0098299999,"DisplayY":394906.06775300001,"Xmin":0,"Xmax":0,"Ymin":0,"Ymax":0,"ARC_Street":"2545 N 29th ST","ARC_City":"MILWAUKEE","ARC_State":"WI","ARC_ZIP":"53210","ADDRESS":"2545 N 29th ST","City_1":"MILWAUKEE","State_1":"WI","ZIP_1":53210,"SCH_ID":493,"SCHOOL_ID":1141,"SCHOOL_NAM":"Next Door Foundation","SHORT_NAM":"Next Door Fdtn","SAGE":"N","CAPACITY_1":0,"SOS_Cluste":"Contracted","ENR_9_2019":103,"ENR_9_2017":411,"ENR_9_2016":160,"CLOSED":0,"OPENED":0,"IFAS_ID":"NX","YR_RND":" ","CHOICE":0,"SCHOOL_TYP":"Contracted","PUBLIC_SCH":"Charter","SCHOOL_CLA":"K4-K5","MAPCLASS":"Charter Schools","POOL":0,"NON_INSTRU":0,"VACANT":0,"CAP_ENROLL":154,"COMMENTS":"Non-Instr","BUILDING_N":"Next Door Fdtn","SIFI":0,"Trans_Type":"CH","Active_Enr":0,"Active":1,"izones":"No Zone","Montessori":0,"WorldLangu":0,"Immersion":0}},{"type":"Feature","id":68,"geometry":{"type":"Point","coordinates":[-87.958689057533164,43.063385553388898]},"properties":{"FID":68,"Status":"M","Score":100,"Match_type":"A","Match_addr":"2449 N 36TH ST, MILWAUKEE, WI, 53210","Addr_type":"StreetAddress","AddNum":"2449","AddNumFrom":"2401","AddNumTo":"2499","Side":"L","StPreDir":"N","StPreType":" ","StName":"36TH","StType":"ST","StDir":" ","StAddr":"2449 N 36TH ST","City":"MILWAUKEE","County":" ","State":"WI","StateAbbr":" ","ZIP":"53210","Country":"USA","LangCode":" ","Distance":0,"X":2545483.0410099998,"Y":394219.13998600002,"DisplayX":2545483.0410099998,"DisplayY":394219.13998600002,"Xmin":0,"Xmax":0,"Ymin":0,"Ymax":0,"ARC_Street":"2449 N 36th ST","ARC_City":"MILWAUKEE","ARC_State":"WI","ARC_ZIP":"53210","ADDRESS":"2449 N 36th ST","City_1":"MILWAUKEE","State_1":"WI","ZIP_1":53210,"SCH_ID":999,"SCHOOL_ID":123,"SCHOOL_NAM":"Milw College Prep-36th St","SHORT_NAM":"Milw College Prep-36th","SAGE":"N","CAPACITY_1":500,"SOS_Cluste":"Contracted","ENR_9_2019":506,"ENR_9_2017":506,"ENR_9_2016":0,"CLOSED":0,"OPENED":0,"IFAS_ID":" ","YR_RND":" ","CHOICE":0,"SCHOOL_TYP":"Contracted","PUBLIC_SCH":"Charter","SCHOOL_CLA":"K4-8","MAPCLASS":"Charter Schools","POOL":0,"NON_INSTRU":0,"VACANT":0,"CAP_ENROLL":0,"COMMENTS":" ","BUILDING_N":"36th Street","SIFI":0,"Trans_Type":" ","Active_Enr":0,"Active":1,"izones":"No Zone","Montessori":0,"WorldLangu":0,"Immersion":0}},{"type":"Feature","id":69,"geometry":{"type":"Point","coordinates":[-87.978670485365683,43.061807301123906]},"properties":{"FID":69,"Status":"M","Score":100,"Match_type":"A","Match_addr":"2360 N 52ND ST, MILWAUKEE, WI, 53210","Addr_type":"StreetAddress","AddNum":"2360","AddNumFrom":"2300","AddNumTo":"2398","Side":"R","StPreDir":"N","StPreType":" ","StName":"52ND","StType":"ST","StDir":" ","StAddr":"2360 N 52ND ST","City":"MILWAUKEE","County":" ","State":"WI","StateAbbr":" ","ZIP":"53210","Country":"USA","LangCode":" ","Distance":0,"X":2540158.8793600001,"Y":393514.03574000002,"DisplayX":2540158.8793600001,"DisplayY":393514.03574000002,"Xmin":0,"Xmax":0,"Ymin":0,"Ymax":0,"ARC_Street":"2360 N 52nd ST","ARC_City":"MILWAUKEE","ARC_State":"WI","ARC_ZIP":"53210","ADDRESS":"2360 N 52nd ST","City_1":"MILWAUKEE","State_1":"WI","ZIP_1":53210,"SCH_ID":140,"SCHOOL_ID":140,"SCHOOL_NAM":"Milw French Immersion","SHORT_NAM":"Mke French Imm","SAGE":"N","CAPACITY_1":678,"SOS_Cluste":"Central","ENR_9_2019":641,"ENR_9_2017":613,"ENR_9_2016":535,"CLOSED":0,"OPENED":0,"IFAS_ID":"FI","YR_RND":" ","CHOICE":0,"SCHOOL_TYP":"Public","PUBLIC_SCH":"Specialty-Immersion","SCHOOL_CLA":"K4-5","MAPCLASS":"Public Schools","POOL":0,"NON_INSTRU":0,"VACANT":44,"CAP_ENROLL":577,"COMMENTS":"Other in bldg: MLTC, Kilmer North","BUILDING_N":"Milw French Immersion","SIFI":0,"Trans_Type":"CW","Active_Enr":68,"Active":1,"izones":"Zone 1","Montessori":0,"WorldLangu":0,"Immersion":1}},{"type":"Feature","id":70,"geometry":{"type":"Point","coordinates":[-87.948922933563637,43.066119047222536]},"properties":{"FID":70,"Status":"M","Score":100,"Match_type":"A","Match_addr":"2816 W CLARKE ST, MILWAUKEE, WI, 53210","Addr_type":"StreetAddress","AddNum":"2816","AddNumFrom":"2800","AddNumTo":"2898","Side":"R","StPreDir":"W","StPreType":" ","StName":"CLARKE","StType":"ST","StDir":" ","StAddr":"2816 W CLARKE ST","City":"MILWAUKEE","County":" ","State":"WI","StateAbbr":" ","ZIP":"53210","Country":"USA","LangCode":" ","Distance":0,"X":2548067.5789800002,"Y":395279.12479999999,"DisplayX":2548067.5789800002,"DisplayY":395279.12479999999,"Xmin":0,"Xmax":0,"Ymin":0,"Ymax":0,"ARC_Street":"2816 W CLARKE ST","ARC_City":"MILWAUKEE","ARC_State":"WI","ARC_ZIP":"53210","ADDRESS":"2816 W CLARKE ST","City_1":"MILWAUKEE","State_1":"WI","ZIP_1":53210,"SCH_ID":110,"SCHOOL_ID":110,"SCHOOL_NAM":"Clarke St","SHORT_NAM":"Clarke","SAGE":"Y","CAPACITY_1":587,"SOS_Cluste":"Central","ENR_9_2019":266,"ENR_9_2017":300,"ENR_9_2016":307,"CLOSED":0,"OPENED":0,"IFAS_ID":"CK","YR_RND":" ","CHOICE":0,"SCHOOL_TYP":"Public","PUBLIC_SCH":"Neighborhood","SCHOOL_CLA":"K4-8","MAPCLASS":"Public Schools","POOL":0,"NON_INSTRU":0,"VACANT":52,"CAP_ENROLL":415,"COMMENTS":"7/1/2009, K4-8","BUILDING_N":"Clarke","SIFI":0,"Trans_Type":"RG","Active_Enr":56,"Active":1,"izones":"Zone 5","Montessori":0,"WorldLangu":0,"Immersion":0}},{"type":"Feature","id":71,"geometry":{"type":"Point","coordinates":[-87.956497557247843,43.105319722568893]},"properties":{"FID":71,"Status":"M","Score":100,"Match_type":"A","Match_addr":"4834 N MOTHER DANIELS WA, MILWAUKEE, WI, 53209","Addr_type":"StreetAddress","AddNum":"4834","AddNumFrom":"4800","AddNumTo":"4898","Side":"R","StPreDir":"N","StPreType":" ","StName":"MOTHER DANIELS WA","StType":" ","StDir":" ","StAddr":"4834 N MOTHER DANIELS WA","City":"MILWAUKEE","County":" ","State":"WI","StateAbbr":" ","ZIP":"53209","Country":"USA","LangCode":" ","Distance":0,"X":2545694.0063800002,"Y":409512.281365,"DisplayX":2545694.0063800002,"DisplayY":409512.281365,"Xmin":0,"Xmax":0,"Ymin":0,"Ymax":0,"ARC_Street":"4834 N MOTHER DANIELS WA","ARC_City":"MILWAUKEE","ARC_State":"WI","ARC_ZIP":"53209","ADDRESS":"4834 N MOTHER DANIELS WA","City_1":"MILWAUKEE","State_1":"WI","ZIP_1":53209,"SCH_ID":665,"SCHOOL_ID":820,"SCHOOL_NAM":"Kathryn T Daniels University Prep","SHORT_NAM":"Daniels Univ Prep","SAGE":"N","CAPACITY_1":0,"SOS_Cluste":"Contracted","ENR_9_2019":200,"ENR_9_2017":225,"ENR_9_2016":213,"CLOSED":0,"OPENED":0,"IFAS_ID":" ","YR_RND":" ","CHOICE":0,"SCHOOL_TYP":"Public","PUBLIC_SCH":"Charter","SCHOOL_CLA":"K4-8","MAPCLASS":"Charter Schools","POOL":0,"NON_INSTRU":0,"VACANT":0,"CAP_ENROLL":0,"COMMENTS":"New charter; Non-Instr","BUILDING_N":" ","SIFI":0,"Trans_Type":"CH","Active_Enr":0,"Active":0,"izones":"No Zone","Montessori":0,"WorldLangu":0,"Immersion":0}},{"type":"Feature","id":72,"geometry":{"type":"Point","coordinates":[-87.967520027720042,43.064799479834157]},"properties":{"FID":72,"Status":"M","Score":100,"Match_type":"A","Match_addr":"2525 N SHERMAN BL, MILWAUKEE, WI, 53210","Addr_type":"StreetAddress","AddNum":"2525","AddNumFrom":"2501","AddNumTo":"2599","Side":"L","StPreDir":"N","StPreType":" ","StName":"SHERMAN","StType":"BL","StDir":" ","StAddr":"2525 N SHERMAN BL","City":"MILWAUKEE","County":" ","State":"WI","StateAbbr":" ","ZIP":"53210","Country":"USA","LangCode":" ","Distance":0,"X":2543111.2631100002,"Y":394676.66800300003,"DisplayX":2543111.2631100002,"DisplayY":394676.66800300003,"Xmin":0,"Xmax":0,"Ymin":0,"Ymax":0,"ARC_Street":"2525 N SHERMAN BL","ARC_City":"MILWAUKEE","ARC_State":"WI","ARC_ZIP":"53210","ADDRESS":"2525 N SHERMAN BL","City_1":"MILWAUKEE","State_1":"WI","ZIP_1":53210,"SCH_ID":39,"SCHOOL_ID":424,"SCHOOL_NAM":"WHS-Information Technology","SHORT_NAM":"WHS-Info Tech","SAGE":"N","CAPACITY_1":1376,"SOS_Cluste":"High School","ENR_9_2019":570,"ENR_9_2017":692,"ENR_9_2016":707,"CLOSED":0,"OPENED":0,"IFAS_ID":"IT","YR_RND":" ","CHOICE":0,"SCHOOL_TYP":"Public","PUBLIC_SCH":"Neighborhood","SCHOOL_CLA":"9-12","MAPCLASS":"Public Schools","POOL":0,"NON_INSTRU":0,"VACANT":42,"CAP_ENROLL":881,"COMMENTS":"Other in bldg: Expeditionary Lrng, Info Tech, Law Educ; 7/1/14 Commitment Sch","BUILDING_N":"WHS-lnformation Technology","SIFI":1,"Trans_Type":"HS","Active_Enr":46,"Active":1,"izones":"Zone 7","Montessori":0,"WorldLangu":1,"Immersion":0}},{"type":"Feature","id":73,"geometry":{"type":"Point","coordinates":[-87.961022462601377,43.06658299918125]},"properties":{"FID":73,"Status":"M","Score":100,"Match_type":"A","Match_addr":"2623 N 38TH ST, MILWAUKEE, WI, 53210","Addr_type":"StreetAddress","AddNum":"2623","AddNumFrom":"2601","AddNumTo":"2699","Side":"L","StPreDir":"N","StPreType":" ","StName":"38TH","StType":"ST","StDir":" ","StAddr":"2623 N 38TH ST","City":"MILWAUKEE","County":" ","State":"WI","StateAbbr":" ","ZIP":"53210","Country":"USA","LangCode":" ","Distance":0,"X":2544831.17368,"Y":395368.881138,"DisplayX":2544831.17368,"DisplayY":395368.881138,"Xmin":0,"Xmax":0,"Ymin":0,"Ymax":0,"ARC_Street":"2623 N 38th ST","ARC_City":"MILWAUKEE","ARC_State":"WI","ARC_ZIP":"53210","ADDRESS":"2623 N 38th ST","City_1":"MILWAUKEE","State_1":"WI","ZIP_1":53210,"SCH_ID":661,"SCHOOL_ID":111,"SCHOOL_NAM":"Milw College Prep-38th St","SHORT_NAM":"Milw College Prep-38th","SAGE":"N","CAPACITY_1":506,"SOS_Cluste":"Contracted","ENR_9_2019":510,"ENR_9_2017":504,"ENR_9_2016":512,"CLOSED":0,"OPENED":0,"IFAS_ID":" ","YR_RND":" ","CHOICE":0,"SCHOOL_TYP":"Contracted","PUBLIC_SCH":"Charter","SCHOOL_CLA":"K4-8","MAPCLASS":"Charter Schools","POOL":0,"NON_INSTRU":0,"VACANT":0,"CAP_ENROLL":0,"COMMENTS":"new school; Non-Instr; 7/1/14 added Gr 7","BUILDING_N":"38th St Campus","SIFI":0,"Trans_Type":"CH","Active_Enr":0,"Active":1,"izones":"No Zone","Montessori":0,"WorldLangu":0,"Immersion":0}},{"type":"Feature","id":74,"geometry":{"type":"Point","coordinates":[-87.883017328943822,43.062070170480112]},"properties":{"FID":74,"Status":"M","Score":100,"Match_type":"A","Match_addr":"2418 N MARYLAND AV, MILWAUKEE, WI, 53211","Addr_type":"StreetAddress","AddNum":"2418","AddNumFrom":"2336","AddNumTo":"2448","Side":"R","StPreDir":"N","StPreType":" ","StName":"MARYLAND","StType":"AV","StDir":" ","StAddr":"2418 N MARYLAND AV","City":"MILWAUKEE","County":" ","State":"WI","StateAbbr":" ","ZIP":"53211","Country":"USA","LangCode":" ","Distance":0,"X":2565710.8725899998,"Y":394244.04238200001,"DisplayX":2565710.8725899998,"DisplayY":394244.04238200001,"Xmin":0,"Xmax":0,"Ymin":0,"Ymax":0,"ARC_Street":"2418 N MARYLAND AV","ARC_City":"MILWAUKEE","ARC_State":"WI","ARC_ZIP":"53211","ADDRESS":"2418 N MARYLAND AV","City_1":"MILWAUKEE","State_1":"WI","ZIP_1":53211,"SCH_ID":268,"SCHOOL_ID":268,"SCHOOL_NAM":"Maryland Montessori","SHORT_NAM":"Maryland Mont","SAGE":"N","CAPACITY_1":253,"SOS_Cluste":"East","ENR_9_2019":492,"ENR_9_2017":447,"ENR_9_2016":350,"CLOSED":0,"OPENED":0,"IFAS_ID":"MD","YR_RND":" ","CHOICE":0,"SCHOOL_TYP":"Public","PUBLIC_SCH":"Specialty-Montessori","SCHOOL_CLA":"K3-8","MAPCLASS":"Public Schools","POOL":0,"NON_INSTRU":0,"VACANT":23,"CAP_ENROLL":364,"COMMENTS":" ","BUILDING_N":"Maryland Montessori","SIFI":0,"Trans_Type":"MO","Active_Enr":135,"Active":1,"izones":"Zone 3","Montessori":1,"WorldLangu":0,"Immersion":0}},{"type":"Feature","id":75,"geometry":{"type":"Point","coordinates":[-87.97759154086539,43.071706530751001]},"properties":{"FID":75,"Status":"M","Score":100,"Match_type":"A","Match_addr":"5110 W LOCUST ST, MILWAUKEE, WI, 53210","Addr_type":"StreetAddress","AddNum":"5110","AddNumFrom":"5100","AddNumTo":"5198","Side":"R","StPreDir":"W","StPreType":" ","StName":"LOCUST","StType":"ST","StDir":" ","StAddr":"5110 W LOCUST ST","City":"MILWAUKEE","County":" ","State":"WI","StateAbbr":" ","ZIP":"53210","Country":"USA","LangCode":" ","Distance":0,"X":2540359.6371599999,"Y":397127.847993,"DisplayX":2540359.6371599999,"DisplayY":397127.847993,"Xmin":0,"Xmax":0,"Ymin":0,"Ymax":0,"ARC_Street":"5110 W LOCUST ST","ARC_City":"MILWAUKEE","ARC_State":"WI","ARC_ZIP":"53210","ADDRESS":"5110 W LOCUST ST","City_1":"MILWAUKEE","State_1":"WI","ZIP_1":53210,"SCH_ID":319,"SCHOOL_ID":319,"SCHOOL_NAM":"Willaim T Sherman Multicultural","SHORT_NAM":"Sherman Arts","SAGE":"Y","CAPACITY_1":633,"SOS_Cluste":"Central","ENR_9_2019":315,"ENR_9_2017":358,"ENR_9_2016":318,"CLOSED":0,"OPENED":0,"IFAS_ID":"SE","YR_RND":" ","CHOICE":0,"SCHOOL_TYP":"Public","PUBLIC_SCH":"Neighborhood","SCHOOL_CLA":"HS-8","MAPCLASS":"Public Schools","POOL":0,"NON_INSTRU":0,"VACANT":26,"CAP_ENROLL":504,"COMMENTS":" ","BUILDING_N":"Sherman Arts","SIFI":1,"Trans_Type":"CO","Active_Enr":48,"Active":1,"izones":"Zone 2","Montessori":0,"WorldLangu":0,"Immersion":0}},{"type":"Feature","id":76,"geometry":{"type":"Point","coordinates":[-87.890059362978974,43.071060717302416]},"properties":{"FID":76,"Status":"M","Score":100,"Match_type":"A","Match_addr":"1615 E LOCUST ST, MILWAUKEE, WI, 53211","Addr_type":"StreetAddress","AddNum":"1615","AddNumFrom":"1601","AddNumTo":"1699","Side":"R","StPreDir":"E","StPreType":" ","StName":"LOCUST","StType":"ST","StDir":" ","StAddr":"1615 E LOCUST ST","City":"MILWAUKEE","County":" ","State":"WI","StateAbbr":" ","ZIP":"53211","Country":"USA","LangCode":" ","Distance":0,"X":2563746.6746399999,"Y":397472.00449600001,"DisplayX":2563746.6746399999,"DisplayY":397472.00449600001,"Xmin":0,"Xmax":0,"Ymin":0,"Ymax":0,"ARC_Street":"1615 E LOCUST ST","ARC_City":"MILWAUKEE","ARC_State":"WI","ARC_ZIP":"53211","ADDRESS":"1615 E LOCUST ST","City_1":"MILWAUKEE","State_1":"WI","ZIP_1":53211,"SCH_ID":29,"SCHOOL_ID":29,"SCHOOL_NAM":"Riverside University","SHORT_NAM":"Riverside","SAGE":"N","CAPACITY_1":1376,"SOS_Cluste":"High School","ENR_9_2019":1494,"ENR_9_2017":1511,"ENR_9_2016":1531,"CLOSED":0,"OPENED":0,"IFAS_ID":"RS","YR_RND":" ","CHOICE":0,"SCHOOL_TYP":"Public","PUBLIC_SCH":"Specialty-Arts","SCHOOL_CLA":"9-12","MAPCLASS":"Public Schools","POOL":0,"NON_INSTRU":0,"VACANT":0,"CAP_ENROLL":1610,"COMMENTS":" ","BUILDING_N":"Riverside","SIFI":1,"Trans_Type":"CW","Active_Enr":112,"Active":1,"izones":"Zone 6","Montessori":0,"WorldLangu":1,"Immersion":0}},{"type":"Feature","id":77,"geometry":{"type":"Point","coordinates":[-87.882349713284242,43.077646970088793]},"properties":{"FID":77,"Status":"M","Score":100,"Match_type":"A","Match_addr":"2227 E HARTFORD AV, MILWAUKEE, WI, 53211","Addr_type":"StreetAddress","AddNum":"2227","AddNumFrom":"2201","AddNumTo":"2599","Side":"R","StPreDir":"E","StPreType":" ","StName":"HARTFORD","StType":"AV","StDir":" ","StAddr":"2227 E HARTFORD AV","City":"MILWAUKEE","County":" ","State":"WI","StateAbbr":" ","ZIP":"53211","Country":"USA","LangCode":" ","Distance":0,"X":2565745.0703699999,"Y":399923.87778099999,"DisplayX":2565745.0703699999,"DisplayY":399923.87778099999,"Xmin":0,"Xmax":0,"Ymin":0,"Ymax":0,"ARC_Street":"2227 E HARTFORD AV","ARC_City":"MILWAUKEE","ARC_State":"WI","ARC_ZIP":"53211","ADDRESS":"2227 E HARTFORD AV","City_1":"MILWAUKEE","State_1":"WI","ZIP_1":53211,"SCH_ID":208,"SCHOOL_ID":208,"SCHOOL_NAM":"Hartford","SHORT_NAM":"Hartford","SAGE":"N","CAPACITY_1":506,"SOS_Cluste":"East","ENR_9_2019":518,"ENR_9_2017":610,"ENR_9_2016":632,"CLOSED":0,"OPENED":0,"IFAS_ID":"HF","YR_RND":" ","CHOICE":0,"SCHOOL_TYP":"Public","PUBLIC_SCH":"Neighborhood, Spec","SCHOOL_CLA":"K4-8","MAPCLASS":"Public Schools","POOL":0,"NON_INSTRU":0,"VACANT":-7,"CAP_ENROLL":680,"COMMENTS":" ","BUILDING_N":"Hartford","SIFI":0,"Trans_Type":"NS","Active_Enr":127,"Active":1,"izones":"Zone 3","Montessori":0,"WorldLangu":0,"Immersion":0}},{"type":"Feature","id":78,"geometry":{"type":"Point","coordinates":[-87.91389071163745,43.07825472912662]},"properties":{"FID":78,"Status":"M","Score":100,"Match_type":"A","Match_addr":"3275 N 3RD ST, MILWAUKEE, WI, 53212","Addr_type":"StreetAddress","AddNum":"3275","AddNumFrom":"3251","AddNumTo":"3299","Side":"L","StPreDir":"N","StPreType":" ","StName":"3RD","StType":"ST","StDir":" ","StAddr":"3275 N 3RD ST","City":"MILWAUKEE","County":" ","State":"WI","StateAbbr":" ","ZIP":"53212","Country":"USA","LangCode":" ","Distance":0,"X":2557315.3911899999,"Y":399932.92749700003,"DisplayX":2557315.3911899999,"DisplayY":399932.92749700003,"Xmin":0,"Xmax":0,"Ymin":0,"Ymax":0,"ARC_Street":"3275 N 3rd ST","ARC_City":"MILWAUKEE","ARC_State":"WI","ARC_ZIP":"53212","ADDRESS":"3275 N 3rd ST","City_1":"MILWAUKEE","State_1":"WI","ZIP_1":53212,"SCH_ID":83,"SCHOOL_ID":199,"SCHOOL_NAM":"Dr Martin Luther King Jr.","SHORT_NAM":"Martin Luther King Jr.","SAGE":"Y","CAPACITY_1":610,"SOS_Cluste":"East","ENR_9_2019":272,"ENR_9_2017":313,"ENR_9_2016":338,"CLOSED":0,"OPENED":0,"IFAS_ID":"KN","YR_RND":" ","CHOICE":0,"SCHOOL_TYP":"Public","PUBLIC_SCH":"Neighborhood","SCHOOL_CLA":"HS-8","MAPCLASS":"Public Schools","POOL":0,"NON_INSTRU":0,"VACANT":40,"CAP_ENROLL":663,"COMMENTS":" ","BUILDING_N":"King Elementary","SIFI":1,"Trans_Type":"CL","Active_Enr":44,"Active":1,"izones":"Zone 2","Montessori":0,"WorldLangu":0,"Immersion":0}},{"type":"Feature","id":79,"geometry":{"type":"Point","coordinates":[-87.913218163658243,43.052571110184346]},"properties":{"FID":79,"Status":"M","Score":100,"Match_type":"A","Match_addr":"227 W PLEASANT ST, MILWAUKEE, WI, 53212","Addr_type":"StreetAddress","AddNum":"227","AddNumFrom":"201","AddNumTo":"299","Side":"L","StPreDir":"W","StPreType":" ","StName":"PLEASANT","StType":"ST","StDir":" ","StAddr":"227 W PLEASANT ST","City":"MILWAUKEE","County":" ","State":"WI","StateAbbr":" ","ZIP":"53212","Country":"USA","LangCode":" ","Distance":0,"X":2557729.2459,"Y":390579.67878999998,"DisplayX":2557729.2459,"DisplayY":390579.67878999998,"Xmin":0,"Xmax":0,"Ymin":0,"Ymax":0,"ARC_Street":"227 W PLEASANT ST","ARC_City":"MILWAUKEE","ARC_State":"WI","ARC_ZIP":"53212","ADDRESS":"227 W PLEASANT ST","City_1":"MILWAUKEE","State_1":"WI","ZIP_1":53212,"SCH_ID":176,"SCHOOL_ID":176,"SCHOOL_NAM":"Golda Meir HS","SHORT_NAM":"Meir HS","SAGE":"N","CAPACITY_1":1053,"SOS_Cluste":"High School","ENR_9_2019":933,"ENR_9_2017":860,"ENR_9_2016":604,"CLOSED":0,"OPENED":0,"IFAS_ID":"GM","YR_RND":" ","CHOICE":0,"SCHOOL_TYP":"Public","PUBLIC_SCH":"Specialty-GT","SCHOOL_CLA":"6-12","MAPCLASS":"Public Schools","POOL":0,"NON_INSTRU":0,"VACANT":8,"CAP_ENROLL":433,"COMMENTS":"7/1/14 added Gr 9","BUILDING_N":"Golda Meir- Upper","SIFI":0,"Trans_Type":"CW","Active_Enr":85,"Active":1,"izones":"Zone 6","Montessori":0,"WorldLangu":1,"Immersion":0}},{"type":"Feature","id":80,"geometry":{"type":"Point","coordinates":[-87.901414232830007,43.077602516565783]},"properties":{"FID":80,"Status":"M","Score":100,"Match_type":"A","Match_addr":"3255 N FRATNEY ST, MILWAUKEE, WI, 53212","Addr_type":"StreetAddress","AddNum":"3255","AddNumFrom":"3201","AddNumTo":"3299","Side":"L","StPreDir":"N","StPreType":" ","StName":"FRATNEY","StType":"ST","StDir":" ","StAddr":"3255 N FRATNEY ST","City":"MILWAUKEE","County":" ","State":"WI","StateAbbr":" ","ZIP":"53212","Country":"USA","LangCode":" ","Distance":0,"X":2560653.6338599999,"Y":399778.926867,"DisplayX":2560653.6338599999,"DisplayY":399778.926867,"Xmin":0,"Xmax":0,"Ymin":0,"Ymax":0,"ARC_Street":"3255 N FRATNEY ST","ARC_City":"MILWAUKEE","ARC_State":"WI","ARC_ZIP":"53212","ADDRESS":"3255 N FRATNEY ST","City_1":"MILWAUKEE","State_1":"WI","ZIP_1":53212,"SCH_ID":182,"SCHOOL_ID":182,"SCHOOL_NAM":"La Escuela Fratney","SHORT_NAM":"Fratney","SAGE":"Y","CAPACITY_1":344,"SOS_Cluste":"East","ENR_9_2019":467,"ENR_9_2017":443,"ENR_9_2016":433,"CLOSED":0,"OPENED":0,"IFAS_ID":"FT","YR_RND":" ","CHOICE":0,"SCHOOL_TYP":"Public","PUBLIC_SCH":"Specialty-Immersion","SCHOOL_CLA":"K4-5","MAPCLASS":"Public Schools","POOL":0,"NON_INSTRU":0,"VACANT":18,"CAP_ENROLL":422,"COMMENTS":" ","BUILDING_N":"Fratney","SIFI":0,"Trans_Type":"CW","Active_Enr":109,"Active":1,"izones":"Zone 5","Montessori":0,"WorldLangu":0,"Immersion":0}},{"type":"Feature","id":81,"geometry":{"type":"Point","coordinates":[-87.912452880780464,43.089313211402533]},"properties":{"FID":81,"Status":"M","Score":100,"Match_type":"A","Match_addr":"225 W CAPITOL DR, MILWAUKEE, WI, 53212","Addr_type":"StreetAddress","AddNum":"225","AddNumFrom":"201","AddNumTo":"299","Side":"L","StPreDir":"W","StPreType":" ","StName":"CAPITOL","StType":"DR","StDir":" ","StAddr":"225 W CAPITOL DR","City":"MILWAUKEE","County":" ","State":"WI","StateAbbr":" ","ZIP":"53212","Country":"USA","LangCode":" ","Distance":0,"X":2557598.5253499998,"Y":403971.66727999999,"DisplayX":2557598.5253499998,"DisplayY":403971.66727999999,"Xmin":0,"Xmax":0,"Ymin":0,"Ymax":0,"ARC_Street":"225 W CAPITOL DR","ARC_City":"MILWAUKEE","ARC_State":"WI","ARC_ZIP":"53212","ADDRESS":"225 W CAPITOL DR","City_1":"MILWAUKEE","State_1":"WI","ZIP_1":53212,"SCH_ID":474,"SCHOOL_ID":474,"SCHOOL_NAM":"NOVA Tech","SHORT_NAM":"NOVA Tech","SAGE":"N","CAPACITY_1":0,"SOS_Cluste":"Contracted","ENR_9_2019":0,"ENR_9_2017":100,"ENR_9_2016":99,"CLOSED":0,"OPENED":0,"IFAS_ID":" ","YR_RND":" ","CHOICE":0,"SCHOOL_TYP":"Contracted","PUBLIC_SCH":"Charter","SCHOOL_CLA":"9-12","MAPCLASS":"Charter Schools","POOL":0,"NON_INSTRU":0,"VACANT":0,"CAP_ENROLL":0,"COMMENTS":"7/1/14 open with 100 students; Non-Instr","BUILDING_N":" ","SIFI":0,"Trans_Type":" ","Active_Enr":0,"Active":0,"izones":"No Zone","Montessori":0,"WorldLangu":0,"Immersion":0}},{"type":"Feature","id":82,"geometry":{"type":"Point","coordinates":[-87.911174008019515,43.055291918514804]},"properties":{"FID":82,"Status":"M","Score":100,"Match_type":"A","Match_addr":"1900 N 1ST ST, MILWAUKEE, WI, 53212","Addr_type":"StreetAddress","AddNum":"1900","AddNumFrom":"1900","AddNumTo":"1998","Side":"R","StPreDir":"N","StPreType":" ","StName":"1ST","StType":"ST","StDir":" ","StAddr":"1900 N 1ST ST","City":"MILWAUKEE","County":" ","State":"WI","StateAbbr":" ","ZIP":"53212","Country":"USA","LangCode":" ","Distance":0,"X":2558250.5987200001,"Y":391584.67338400002,"DisplayX":2558250.5987200001,"DisplayY":391584.67338400002,"Xmin":0,"Xmax":0,"Ymin":0,"Ymax":0,"ARC_Street":"1900 N 1st ST","ARC_City":"MILWAUKEE","ARC_State":"WI","ARC_ZIP":"53212","ADDRESS":"1900 N 1st ST","City_1":"MILWAUKEE","State_1":"WI","ZIP_1":53212,"SCH_ID":102,"SCHOOL_ID":178,"SCHOOL_NAM":"Carver Academy","SHORT_NAM":"Carver","SAGE":"N","CAPACITY_1":641,"SOS_Cluste":"East","ENR_9_2019":486,"ENR_9_2017":427,"ENR_9_2016":432,"CLOSED":0,"OPENED":0,"IFAS_ID":"PA","YR_RND":" ","CHOICE":0,"SCHOOL_TYP":"Public","PUBLIC_SCH":"Neighborhood, Spec","SCHOOL_CLA":"K4-8","MAPCLASS":"Public Schools","POOL":0,"NON_INSTRU":0,"VACANT":9,"CAP_ENROLL":535,"COMMENTS":"7/1/14 Commitment Sch","BUILDING_N":"Carver","SIFI":1,"Trans_Type":"NS","Active_Enr":69,"Active":1,"izones":"Zone 4","Montessori":0,"WorldLangu":0,"Immersion":0}},{"type":"Feature","id":83,"geometry":{"type":"Point","coordinates":[-87.910641691274179,43.069380993547966]},"properties":{"FID":83,"Status":"M","Score":100,"Match_type":"A","Match_addr":"121 E HADLEY ST, MILWAUKEE, WI, 53212","Addr_type":"StreetAddress","AddNum":"121","AddNumFrom":"101","AddNumTo":"199","Side":"R","StPreDir":"E","StPreType":" ","StName":"HADLEY","StType":"ST","StDir":" ","StAddr":"121 E HADLEY ST","City":"MILWAUKEE","County":" ","State":"WI","StateAbbr":" ","ZIP":"53212","Country":"USA","LangCode":" ","Distance":0,"X":2558264.1781100002,"Y":396721.54127099999,"DisplayX":2558264.1781100002,"DisplayY":396721.54127099999,"Xmin":0,"Xmax":0,"Ymin":0,"Ymax":0,"ARC_Street":"121 E HADLEY ST","ARC_City":"MILWAUKEE","ARC_State":"WI","ARC_ZIP":"53212","ADDRESS":"121 E HADLEY ST","City_1":"MILWAUKEE","State_1":"WI","ZIP_1":53212,"SCH_ID":21,"SCHOOL_ID":210,"SCHOOL_NAM":"Rufus King International MS","SHORT_NAM":"Rufus King MS","SAGE":"N","CAPACITY_1":567,"SOS_Cluste":"East","ENR_9_2019":382,"ENR_9_2017":475,"ENR_9_2016":373,"CLOSED":0,"OPENED":0,"IFAS_ID":" ","YR_RND":" ","CHOICE":0,"SCHOOL_TYP":"Public","PUBLIC_SCH":"Specialty-IB","SCHOOL_CLA":"6-8","MAPCLASS":"Public Schools","POOL":0,"NON_INSTRU":0,"VACANT":0,"CAP_ENROLL":206,"COMMENTS":"shadows Rufus King International program; former addr 4950 N 24th St in Central Reg","BUILDING_N":"King IB MS","SIFI":0,"Trans_Type":"CW","Active_Enr":62,"Active":1,"izones":"Zone 6","Montessori":0,"WorldLangu":1,"Immersion":0}},{"type":"Feature","id":84,"geometry":{"type":"Point","coordinates":[-87.901587229984244,43.068688479938821]},"properties":{"FID":84,"Status":"M","Score":100,"Match_type":"A","Match_addr":"2765 N FRATNEY ST, MILWAUKEE, WI, 53212","Addr_type":"StreetAddress","AddNum":"2765","AddNumFrom":"2701","AddNumTo":"2799","Side":"L","StPreDir":"N","StPreType":" ","StName":"FRATNEY","StType":"ST","StDir":" ","StAddr":"2765 N FRATNEY ST","City":"MILWAUKEE","County":" ","State":"WI","StateAbbr":" ","ZIP":"53212","Country":"USA","LangCode":" ","Distance":0,"X":2560689.1757200002,"Y":396529.97264499997,"DisplayX":2560689.1757200002,"DisplayY":396529.97264499997,"Xmin":0,"Xmax":0,"Ymin":0,"Ymax":0,"ARC_Street":"2765 N FRATNEY ST","ARC_City":"MILWAUKEE","ARC_State":"WI","ARC_ZIP":"53212","ADDRESS":"2765 N FRATNEY ST","City_1":"MILWAUKEE","State_1":"WI","ZIP_1":53212,"SCH_ID":307,"SCHOOL_ID":307,"SCHOOL_NAM":"Riverwest Elementary","SHORT_NAM":"Riverwest","SAGE":"N","CAPACITY_1":550,"SOS_Cluste":"East","ENR_9_2019":340,"ENR_9_2017":377,"ENR_9_2016":405,"CLOSED":0,"OPENED":0,"IFAS_ID":"PI","YR_RND":" ","CHOICE":0,"SCHOOL_TYP":"Public","PUBLIC_SCH":"Neighborhood","SCHOOL_CLA":"HS-5","MAPCLASS":"Public Schools","POOL":0,"NON_INSTRU":0,"VACANT":24,"CAP_ENROLL":485,"COMMENTS":" ","BUILDING_N":"Pierce","SIFI":0,"Trans_Type":"RG","Active_Enr":68,"Active":1,"izones":"Zone 5","Montessori":0,"WorldLangu":0,"Immersion":0}},{"type":"Feature","id":85,"geometry":{"type":"Point","coordinates":[-87.914316258914198,43.050887709240186]},"properties":{"FID":85,"Status":"M","Score":100,"Match_type":"A","Match_addr":"1555 N MARTIN L KING JR DR, MILWAUKEE, WI, 53212","Addr_type":"StreetAddress","AddNum":"1555","AddNumFrom":"1527","AddNumTo":"1599","Side":"L","StPreDir":"N","StPreType":" ","StName":"MARTIN L KING JR","StType":"DR","StDir":" ","StAddr":"1555 N MARTIN L KING JR DR","City":"MILWAUKEE","County":" ","State":"WI","StateAbbr":" ","ZIP":"53212","Country":"USA","LangCode":" ","Distance":0,"X":2557451.1830699998,"Y":389958.99530200002,"DisplayX":2557451.1830699998,"DisplayY":389958.99530200002,"Xmin":0,"Xmax":0,"Ymin":0,"Ymax":0,"ARC_Street":"1555 N MARTIN L KING JR DR","ARC_City":"MILWAUKEE","ARC_State":"WI","ARC_ZIP":"53212","ADDRESS":"1555 N MARTIN L KING JR DR","City_1":"MILWAUKEE","State_1":"WI","ZIP_1":53212,"SCH_ID":176,"SCHOOL_ID":176,"SCHOOL_NAM":"Golda Meir","SHORT_NAM":"Meir","SAGE":"N","CAPACITY_1":253,"SOS_Cluste":"High School","ENR_9_2019":265,"ENR_9_2017":283,"ENR_9_2016":280,"CLOSED":0,"OPENED":0,"IFAS_ID":"GM","YR_RND":" ","CHOICE":0,"SCHOOL_TYP":"Public","PUBLIC_SCH":"Specialty-GT","SCHOOL_CLA":"3-5","MAPCLASS":"Public Schools","POOL":0,"NON_INSTRU":0,"VACANT":8,"CAP_ENROLL":433,"COMMENTS":" ","BUILDING_N":"Golda Meir- Lower","SIFI":0,"Trans_Type":"CW","Active_Enr":126,"Active":1,"izones":"Zone 6","Montessori":0,"WorldLangu":1,"Immersion":0}},{"type":"Feature","id":86,"geometry":{"type":"Point","coordinates":[-87.895438275096254,43.074784924546002]},"properties":{"FID":86,"Status":"M","Score":100,"Match_type":"A","Match_addr":"1250 E BURLEIGH ST, MILWAUKEE, WI, 53212","Addr_type":"StreetAddress","AddNum":"1250","AddNumFrom":"1200","AddNumTo":"1298","Side":"L","StPreDir":"E","StPreType":" ","StName":"BURLEIGH","StType":"ST","StDir":" ","StAddr":"1250 E BURLEIGH ST","City":"MILWAUKEE","County":" ","State":"WI","StateAbbr":" ","ZIP":"53212","Country":"USA","LangCode":" ","Distance":0,"X":2562275.6407400002,"Y":398792.58501400001,"DisplayX":2562275.6407400002,"DisplayY":398792.58501400001,"Xmin":0,"Xmax":0,"Ymin":0,"Ymax":0,"ARC_Street":"1250 E BURLEIGH ST","ARC_City":"MILWAUKEE","ARC_State":"WI","ARC_ZIP":"53212","ADDRESS":"1250 E BURLEIGH ST","City_1":"MILWAUKEE","State_1":"WI","ZIP_1":53212,"SCH_ID":185,"SCHOOL_ID":185,"SCHOOL_NAM":"Frederick J Gaenslen","SHORT_NAM":"Gaenslen","SAGE":"Y","CAPACITY_1":759,"SOS_Cluste":"East","ENR_9_2019":760,"ENR_9_2017":785,"ENR_9_2016":698,"CLOSED":0,"OPENED":0,"IFAS_ID":"GS","YR_RND":" ","CHOICE":0,"SCHOOL_TYP":"Public","PUBLIC_SCH":"Neighborhood","SCHOOL_CLA":"K4-8","MAPCLASS":"Public Schools","POOL":0,"NON_INSTRU":0,"VACANT":8,"CAP_ENROLL":673,"COMMENTS":" ","BUILDING_N":"Gaenslen","SIFI":0,"Trans_Type":"RG","Active_Enr":107,"Active":1,"izones":"Zone 4","Montessori":0,"WorldLangu":0,"Immersion":0}},{"type":"Feature","id":87,"geometry":{"type":"Point","coordinates":[-87.904684836966268,43.091789773799604]},"properties":{"FID":87,"Status":"M","Score":100,"Match_type":"A","Match_addr":"4200 N HOLTON ST, MILWAUKEE, WI, 53212","Addr_type":"StreetAddress","AddNum":"4200","AddNumFrom":"4000","AddNumTo":"4298","Side":"R","StPreDir":"N","StPreType":" ","StName":"HOLTON","StType":"ST","StDir":" ","StAddr":"4200 N HOLTON ST","City":"MILWAUKEE","County":" ","State":"WI","StateAbbr":" ","ZIP":"53212","Country":"USA","LangCode":" ","Distance":0,"X":2559650.1886399998,"Y":404926.03131499997,"DisplayX":2559650.1886399998,"DisplayY":404926.03131499997,"Xmin":0,"Xmax":0,"Ymin":0,"Ymax":0,"ARC_Street":"4200 N HOLTON ST","ARC_City":"MILWAUKEE","ARC_State":"WI","ARC_ZIP":"53212","ADDRESS":"4200 N HOLTON ST","City_1":"MILWAUKEE","State_1":"WI","ZIP_1":53212,"SCH_ID":446,"SCHOOL_ID":1086,"SCHOOL_NAM":"Southeastern Youth and Family","SHORT_NAM":"Southeastern","SAGE":"N","CAPACITY_1":0,"SOS_Cluste":"Contracted","ENR_9_2019":17,"ENR_9_2017":34,"ENR_9_2016":23,"CLOSED":0,"OPENED":0,"IFAS_ID":"6S","YR_RND":" ","CHOICE":0,"SCHOOL_TYP":"Contracted","PUBLIC_SCH":"Alternative","SCHOOL_CLA":"6-8","MAPCLASS":"Partnership School","POOL":0,"NON_INSTRU":0,"VACANT":0,"CAP_ENROLL":0,"COMMENTS":"7/1/14 new address, diff floor than Lad Lake Ultra; old addr=4050 N 34th St","BUILDING_N":" ","SIFI":0,"Trans_Type":" ","Active_Enr":0,"Active":1,"izones":"No Zone","Montessori":0,"WorldLangu":0,"Immersion":0}},{"type":"Feature","id":88,"geometry":{"type":"Point","coordinates":[-87.906588120598599,43.063227942649277]},"properties":{"FID":88,"Status":"M","Score":100,"Match_type":"A","Match_addr":"2463 N BUFFUM ST, MILWAUKEE, WI, 53212","Addr_type":"StreetAddress","AddNum":"2463","AddNumFrom":"2401","AddNumTo":"2499","Side":"L","StPreDir":"N","StPreType":" ","StName":"BUFFUM","StType":"ST","StDir":" ","StAddr":"2463 N BUFFUM ST","City":"MILWAUKEE","County":" ","State":"WI","StateAbbr":" ","ZIP":"53212","Country":"USA","LangCode":" ","Distance":0,"X":2559403.26982,"Y":394506.864008,"DisplayX":2559403.26982,"DisplayY":394506.864008,"Xmin":0,"Xmax":0,"Ymin":0,"Ymax":0,"ARC_Street":"2463 N BUFFUM ST","ARC_City":"MILWAUKEE","ARC_State":"WI","ARC_ZIP":"53212","ADDRESS":"2463 N BUFFUM ST","City_1":"MILWAUKEE","State_1":"WI","ZIP_1":53212,"SCH_ID":218,"SCHOOL_ID":218,"SCHOOL_NAM":"Oliver Wendell Holmes","SHORT_NAM":"Holmes","SAGE":"N","CAPACITY_1":630,"SOS_Cluste":"East","ENR_9_2019":284,"ENR_9_2017":303,"ENR_9_2016":313,"CLOSED":0,"OPENED":0,"IFAS_ID":"HM","YR_RND":" ","CHOICE":0,"SCHOOL_TYP":"Public","PUBLIC_SCH":"Neighborhood","SCHOOL_CLA":"HS-8","MAPCLASS":"Public Schools","POOL":0,"NON_INSTRU":0,"VACANT":40,"CAP_ENROLL":393,"COMMENTS":" ","BUILDING_N":"Holmes","SIFI":0,"Trans_Type":"RG","Active_Enr":60,"Active":1,"izones":"Zone 4","Montessori":0,"WorldLangu":0,"Immersion":0}},{"type":"Feature","id":89,"geometry":{"type":"Point","coordinates":[-87.992396228722924,43.033936186652589]},"properties":{"FID":89,"Status":"M","Score":100,"Match_type":"A","Match_addr":"6415 W MT VERNON AV, MILWAUKEE, WI, 53213","Addr_type":"StreetAddress","AddNum":"6415","AddNumFrom":"6401","AddNumTo":"6499","Side":"L","StPreDir":"W","StPreType":" ","StName":"MT VERNON","StType":"AV","StDir":" ","StAddr":"6415 W MT VERNON AV","City":"MILWAUKEE","County":" ","State":"WI","StateAbbr":" ","ZIP":"53213","Country":"USA","LangCode":" ","Distance":0,"X":2536736.4243899998,"Y":383270.45673099998,"DisplayX":2536736.4243899998,"DisplayY":383270.45673099998,"Xmin":0,"Xmax":0,"Ymin":0,"Ymax":0,"ARC_Street":"6415 W MT VERNON AV","ARC_City":"MILWAUKEE","ARC_State":"WI","ARC_ZIP":"53213","ADDRESS":"6415 W MT VERNON AV","City_1":"MILWAUKEE","State_1":"WI","ZIP_1":53213,"SCH_ID":261,"SCHOOL_ID":870,"SCHOOL_NAM":"MacDowell Montessori","SHORT_NAM":"MacDowell Mont","SAGE":"N","CAPACITY_1":988,"SOS_Cluste":"High School","ENR_9_2019":860,"ENR_9_2017":768,"ENR_9_2016":619,"CLOSED":0,"OPENED":0,"IFAS_ID":"MC","YR_RND":" ","CHOICE":0,"SCHOOL_TYP":"Public","PUBLIC_SCH":"Specialty-Montessori","SCHOOL_CLA":"K3-12","MAPCLASS":"Public Schools","POOL":0,"NON_INSTRU":0,"VACANT":25,"CAP_ENROLL":552,"COMMENTS":" ","BUILDING_N":"MacDowell","SIFI":0,"Trans_Type":"MO","Active_Enr":82,"Active":1,"izones":"Zone 6","Montessori":1,"WorldLangu":1,"Immersion":0}},{"type":"Feature","id":90,"geometry":{"type":"Point","coordinates":[-88.017321494690293,43.030576785944447]},"properties":{"FID":90,"Status":"M","Score":100,"Match_type":"A","Match_addr":"151 S 84TH ST, MILWAUKEE, WI, 53214","Addr_type":"StreetAddress","AddNum":"151","AddNumFrom":"151","AddNumTo":"199","Side":"R","StPreDir":"S","StPreType":" ","StName":"84TH","StType":"ST","StDir":" ","StAddr":"151 S 84TH ST","City":"MILWAUKEE","County":" ","State":"WI","StateAbbr":" ","ZIP":"53214","Country":"USA","LangCode":" ","Distance":0,"X":2530103.3901,"Y":381887.00539000001,"DisplayX":2530103.3901,"DisplayY":381887.00539000001,"Xmin":0,"Xmax":0,"Ymin":0,"Ymax":0,"ARC_Street":"151 S 84th ST","ARC_City":"MILWAUKEE","ARC_State":"WI","ARC_ZIP":"53214","ADDRESS":"151 S 84th ST","City_1":"MILWAUKEE","State_1":"WI","ZIP_1":53214,"SCH_ID":490,"SCHOOL_ID":825,"SCHOOL_NAM":"St Charles Behaviorial Reassignment","SHORT_NAM":"St Charles Behavioral","SAGE":"N","CAPACITY_1":0,"SOS_Cluste":"Contracted","ENR_9_2019":0,"ENR_9_2017":0,"ENR_9_2016":6,"CLOSED":0,"OPENED":0,"IFAS_ID":" ","YR_RND":" ","CHOICE":0,"SCHOOL_TYP":"Contracted","PUBLIC_SCH":"Partnership","SCHOOL_CLA":"6-12","MAPCLASS":"Partnership School","POOL":0,"NON_INSTRU":0,"VACANT":0,"CAP_ENROLL":0,"COMMENTS":"7/1/14 cotract not renewed per Marla B; 7/1/15 contract renewed","BUILDING_N":" ","SIFI":0,"Trans_Type":" ","Active_Enr":0,"Active":0,"izones":"No Zone","Montessori":0,"WorldLangu":0,"Immersion":0}},{"type":"Feature","id":91,"geometry":{"type":"Point","coordinates":[-88.017321494690293,43.030576785944447]},"properties":{"FID":91,"Status":"M","Score":100,"Match_type":"A","Match_addr":"151 S 84TH ST, MILWAUKEE, WI, 53214","Addr_type":"StreetAddress","AddNum":"151","AddNumFrom":"151","AddNumTo":"199","Side":"R","StPreDir":"S","StPreType":" ","StName":"84TH","StType":"ST","StDir":" ","StAddr":"151 S 84TH ST","City":"MILWAUKEE","County":" ","State":"WI","StateAbbr":" ","ZIP":"53214","Country":"USA","LangCode":" ","Distance":0,"X":2530103.3901,"Y":381887.00539000001,"DisplayX":2530103.3901,"DisplayY":381887.00539000001,"Xmin":0,"Xmax":0,"Ymin":0,"Ymax":0,"ARC_Street":"151 S 84th ST","ARC_City":"MILWAUKEE","ARC_State":"WI","ARC_ZIP":"53214","ADDRESS":"151 S 84th ST","City_1":"MILWAUKEE","State_1":"WI","ZIP_1":53214,"SCH_ID":435,"SCHOOL_ID":1085,"SCHOOL_NAM":"St Charles Education Ctr","SHORT_NAM":"St Charles Ed Ctr","SAGE":"N","CAPACITY_1":0,"SOS_Cluste":"Contracted","ENR_9_2019":0,"ENR_9_2017":0,"ENR_9_2016":39,"CLOSED":0,"OPENED":0,"IFAS_ID":"CH","YR_RND":" ","CHOICE":0,"SCHOOL_TYP":"Contracted","PUBLIC_SCH":"Charter","SCHOOL_CLA":"1-12","MAPCLASS":"Partnership School","POOL":0,"NON_INSTRU":0,"VACANT":0,"CAP_ENROLL":0,"COMMENTS":" ","BUILDING_N":" ","SIFI":0,"Trans_Type":" ","Active_Enr":0,"Active":0,"izones":"No Zone","Montessori":0,"WorldLangu":0,"Immersion":0}},{"type":"Feature","id":92,"geometry":{"type":"Point","coordinates":[-87.987930272348152,43.027815413283463]},"properties":{"FID":92,"Status":"M","Score":100,"Match_type":"A","Match_addr":"6035 W ADLER ST, MILWAUKEE, WI, 53214","Addr_type":"StreetAddress","AddNum":"6035","AddNumFrom":"6001","AddNumTo":"6099","Side":"L","StPreDir":"W","StPreType":" ","StName":"ADLER","StType":"ST","StDir":" ","StAddr":"6035 W ADLER ST","City":"MILWAUKEE","County":" ","State":"WI","StateAbbr":" ","ZIP":"53214","Country":"USA","LangCode":" ","Distance":0,"X":2537983.9226799998,"Y":381069.10459900001,"DisplayX":2537983.9226799998,"DisplayY":381069.10459900001,"Xmin":0,"Xmax":0,"Ymin":0,"Ymax":0,"ARC_Street":"6035 W ADLER ST","ARC_City":"MILWAUKEE","ARC_State":"WI","ARC_ZIP":"53214","ADDRESS":"6035 W ADLER ST","City_1":"MILWAUKEE","State_1":"WI","ZIP_1":53214,"SCH_ID":95,"SCHOOL_ID":95,"SCHOOL_NAM":"Luther Burbank","SHORT_NAM":"Burbank","SAGE":"Y","CAPACITY_1":398,"SOS_Cluste":"Central","ENR_9_2019":603,"ENR_9_2017":646,"ENR_9_2016":601,"CLOSED":0,"OPENED":0,"IFAS_ID":"BK","YR_RND":" ","CHOICE":0,"SCHOOL_TYP":"Public","PUBLIC_SCH":"Neighborhood","SCHOOL_CLA":"K4-8","MAPCLASS":"Public Schools","POOL":0,"NON_INSTRU":0,"VACANT":6,"CAP_ENROLL":581,"COMMENTS":"7/1/2009, K4-8","BUILDING_N":"Burbank","SIFI":0,"Trans_Type":"RG","Active_Enr":167,"Active":1,"izones":"Zone 1","Montessori":0,"WorldLangu":0,"Immersion":0}},{"type":"Feature","id":93,"geometry":{"type":"Point","coordinates":[-87.962989392098578,42.984783381034916]},"properties":{"FID":93,"Status":"M","Score":100,"Match_type":"A","Match_addr":"3300 S 39TH ST, MILWAUKEE, WI, 53215","Addr_type":"StreetAddress","AddNum":"3300","AddNumFrom":"3300","AddNumTo":"3398","Side":"L","StPreDir":"S","StPreType":" ","StName":"39TH","StType":"ST","StDir":" ","StAddr":"3300 S 39TH ST","City":"MILWAUKEE","County":" ","State":"WI","StateAbbr":" ","ZIP":"53215","Country":"USA","LangCode":" ","Distance":0,"X":2545033.93053,"Y":365552.246636,"DisplayX":2545033.93053,"DisplayY":365552.246636,"Xmin":0,"Xmax":0,"Ymin":0,"Ymax":0,"ARC_Street":"3300 S 39th ST","ARC_City":"MILWAUKEE","ARC_State":"WI","ARC_ZIP":"53215","ADDRESS":"3300 S 39th ST","City_1":"MILWAUKEE","State_1":"WI","ZIP_1":53215,"SCH_ID":90,"SCHOOL_ID":434,"SCHOOL_NAM":"Audubon","SHORT_NAM":"Audubon HS","SAGE":"N","CAPACITY_1":0,"SOS_Cluste":"High School","ENR_9_2019":373,"ENR_9_2017":374,"ENR_9_2016":365,"CLOSED":0,"OPENED":0,"IFAS_ID":" ","YR_RND":" ","CHOICE":0,"SCHOOL_TYP":"Public","PUBLIC_SCH":"Specialty-Tech","SCHOOL_CLA":"9-12","MAPCLASS":"Public Schools","POOL":0,"NON_INSTRU":0,"VACANT":0,"CAP_ENROLL":209,"COMMENTS":" ","BUILDING_N":"Audubon","SIFI":0,"Trans_Type":"CH","Active_Enr":0,"Active":1,"izones":"Zone 8","Montessori":0,"WorldLangu":1,"Immersion":0}},{"type":"Feature","id":94,"geometry":{"type":"Point","coordinates":[-87.962989392098578,42.984783381034916]},"properties":{"FID":94,"Status":"M","Score":100,"Match_type":"A","Match_addr":"3300 S 39TH ST, MILWAUKEE, WI, 53215","Addr_type":"StreetAddress","AddNum":"3300","AddNumFrom":"3300","AddNumTo":"3398","Side":"L","StPreDir":"S","StPreType":" ","StName":"39TH","StType":"ST","StDir":" ","StAddr":"3300 S 39TH ST","City":"MILWAUKEE","County":" ","State":"WI","StateAbbr":" ","ZIP":"53215","Country":"USA","LangCode":" ","Distance":0,"X":2545033.93053,"Y":365552.246636,"DisplayX":2545033.93053,"DisplayY":365552.246636,"Xmin":0,"Xmax":0,"Ymin":0,"Ymax":0,"ARC_Street":"3300 S 39th ST","ARC_City":"MILWAUKEE","ARC_State":"WI","ARC_ZIP":"53215","ADDRESS":"3300 S 39th ST","City_1":"MILWAUKEE","State_1":"WI","ZIP_1":53215,"SCH_ID":41,"SCHOOL_ID":41,"SCHOOL_NAM":"Audubon Tech & Communication","SHORT_NAM":"Audubon MS","SAGE":"N","CAPACITY_1":840,"SOS_Cluste":"High School","ENR_9_2019":520,"ENR_9_2017":596,"ENR_9_2016":634,"CLOSED":0,"OPENED":0,"IFAS_ID":"AD","YR_RND":" ","CHOICE":0,"SCHOOL_TYP":"Public","PUBLIC_SCH":"Neighborhood","SCHOOL_CLA":"6-8","MAPCLASS":"Public Schools","POOL":0,"NON_INSTRU":0,"VACANT":27,"CAP_ENROLL":629,"COMMENTS":" ","BUILDING_N":"Audubon MS/HS","SIFI":0,"Trans_Type":"MS","Active_Enr":124,"Active":1,"izones":"Zone 8","Montessori":0,"WorldLangu":1,"Immersion":0}},{"type":"Feature","id":95,"geometry":{"type":"Point","coordinates":[-87.950797410814474,43.004987097452258]},"properties":{"FID":95,"Status":"M","Score":100,"Match_type":"A","Match_addr":"2920 W GRANT ST, MILWAUKEE, WI, 53215","Addr_type":"StreetAddress","AddNum":"2920","AddNumFrom":"2900","AddNumTo":"2998","Side":"R","StPreDir":"W","StPreType":" ","StName":"GRANT","StType":"ST","StDir":" ","StAddr":"2920 W GRANT ST","City":"MILWAUKEE","County":" ","State":"WI","StateAbbr":" ","ZIP":"53215","Country":"USA","LangCode":" ","Distance":0,"X":2548114.2997900001,"Y":372993.37760599999,"DisplayX":2548114.2997900001,"DisplayY":372993.37760599999,"Xmin":0,"Xmax":0,"Ymin":0,"Ymax":0,"ARC_Street":"2920 W GRANT ST","ARC_City":"MILWAUKEE","ARC_State":"WI","ARC_ZIP":"53215","ADDRESS":"2920 W GRANT ST","City_1":"MILWAUKEE","State_1":"WI","ZIP_1":53215,"SCH_ID":193,"SCHOOL_ID":193,"SCHOOL_NAM":"Grant","SHORT_NAM":"Grant","SAGE":"Y","CAPACITY_1":614,"SOS_Cluste":"Southwest","ENR_9_2019":601,"ENR_9_2017":672,"ENR_9_2016":672,"CLOSED":0,"OPENED":0,"IFAS_ID":"US","YR_RND":" ","CHOICE":0,"SCHOOL_TYP":"Public","PUBLIC_SCH":"Neighborhood","SCHOOL_CLA":"K4-8","MAPCLASS":"Public Schools","POOL":0,"NON_INSTRU":0,"VACANT":-2,"CAP_ENROLL":739,"COMMENTS":" ","BUILDING_N":"Grant","SIFI":0,"Trans_Type":"RG","Active_Enr":114,"Active":1,"izones":"Zone 1","Montessori":0,"WorldLangu":0,"Immersion":0}},{"type":"Feature","id":96,"geometry":{"type":"Point","coordinates":[-87.947725093683289,43.018699224476165]},"properties":{"FID":96,"Status":"M","Score":100,"Match_type":"A","Match_addr":"1236 S LAYTON BL, MILWAUKEE, WI, 53215","Addr_type":"StreetAddress","AddNum":"1236","AddNumFrom":"1200","AddNumTo":"1398","Side":"L","StPreDir":"S","StPreType":" ","StName":"LAYTON","StType":"BL","StDir":" ","StAddr":"1236 S LAYTON BL","City":"MILWAUKEE","County":" ","State":"WI","StateAbbr":" ","ZIP":"53215","Country":"USA","LangCode":" ","Distance":0,"X":2548812.8755100002,"Y":378009.58956499997,"DisplayX":2548812.8755100002,"DisplayY":378009.58956499997,"Xmin":0,"Xmax":0,"Ymin":0,"Ymax":0,"ARC_Street":"1236 S Layton BL","ARC_City":"MILWAUKEE","ARC_State":"WI","ARC_ZIP":"53215","ADDRESS":"1236 S Layton BL","City_1":"MILWAUKEE","State_1":"WI","ZIP_1":53215,"SCH_ID":0,"SCHOOL_ID":213,"SCHOOL_NAM":"Carmen MS-South","SHORT_NAM":"Carmen MS-South","SAGE":"N","CAPACITY_1":0,"SOS_Cluste":"Contracted","ENR_9_2019":149,"ENR_9_2017":0,"ENR_9_2016":0,"CLOSED":0,"OPENED":0,"IFAS_ID":" ","YR_RND":" ","CHOICE":0,"SCHOOL_TYP":"Contracted","PUBLIC_SCH":"Charter","SCHOOL_CLA":"6-8","MAPCLASS":"Charter Schools","POOL":0,"NON_INSTRU":0,"VACANT":0,"CAP_ENROLL":0,"COMMENTS":" ","BUILDING_N":" ","SIFI":0,"Trans_Type":" ","Active_Enr":0,"Active":0,"izones":" ","Montessori":0,"WorldLangu":0,"Immersion":0}},{"type":"Feature","id":97,"geometry":{"type":"Point","coordinates":[-87.928653928961253,42.994645827196088]},"properties":{"FID":97,"Status":"M","Score":100,"Match_type":"A","Match_addr":"2745 S 13TH ST, MILWAUKEE, WI, 53215","Addr_type":"StreetAddress","AddNum":"2745","AddNumFrom":"2701","AddNumTo":"2769","Side":"R","StPreDir":"S","StPreType":" ","StName":"13TH","StType":"ST","StDir":" ","StAddr":"2745 S 13TH ST","City":"MILWAUKEE","County":" ","State":"WI","StateAbbr":" ","ZIP":"53215","Country":"USA","LangCode":" ","Distance":0,"X":2554129.2146600001,"Y":369371.89633199997,"DisplayX":2554129.2146600001,"DisplayY":369371.89633199997,"Xmin":0,"Xmax":0,"Ymin":0,"Ymax":0,"ARC_Street":"2745 S 13th ST","ARC_City":"MILWAUKEE","ARC_State":"WI","ARC_ZIP":"53215","ADDRESS":"2745 S 13th ST","City_1":"MILWAUKEE","State_1":"WI","ZIP_1":53215,"SCH_ID":430,"SCHOOL_ID":410,"SCHOOL_NAM":"Grandview HS","SHORT_NAM":"Grandview","SAGE":"N","CAPACITY_1":0,"SOS_Cluste":"Contracted","ENR_9_2019":217,"ENR_9_2017":237,"ENR_9_2016":239,"CLOSED":0,"OPENED":0,"IFAS_ID":"GW","YR_RND":" ","CHOICE":0,"SCHOOL_TYP":"Contracted","PUBLIC_SCH":"Alternative","SCHOOL_CLA":"9-12","MAPCLASS":"Partnership School","POOL":0,"NON_INSTRU":0,"VACANT":0,"CAP_ENROLL":0,"COMMENTS":"8/1/15 new address","BUILDING_N":" ","SIFI":0,"Trans_Type":" ","Active_Enr":0,"Active":1,"izones":"No Zone","Montessori":0,"WorldLangu":0,"Immersion":0}},{"type":"Feature","id":98,"geometry":{"type":"Point","coordinates":[-87.945830604672963,42.988604753692123]},"properties":{"FID":98,"Status":"M","Score":100,"Match_type":"A","Match_addr":"2500 W OKLAHOMA AV, MILWAUKEE, WI, 53215","Addr_type":"StreetAddress","AddNum":"2500","AddNumFrom":"2500","AddNumTo":"2598","Side":"R","StPreDir":"W","StPreType":" ","StName":"OKLAHOMA","StType":"AV","StDir":" ","StAddr":"2500 W OKLAHOMA AV","City":"MILWAUKEE","County":" ","State":"WI","StateAbbr":" ","ZIP":"53215","Country":"USA","LangCode":" ","Distance":0,"X":2549589.52513,"Y":367057.176408,"DisplayX":2549589.52513,"DisplayY":367057.176408,"Xmin":0,"Xmax":0,"Ymin":0,"Ymax":0,"ARC_Street":"2500 W OKLAHOMA AV","ARC_City":"MILWAUKEE","ARC_State":"WI","ARC_ZIP":"53215","ADDRESS":"2500 W OKLAHOMA AV","City_1":"MILWAUKEE","State_1":"WI","ZIP_1":53215,"SCH_ID":451,"SCHOOL_ID":451,"SCHOOL_NAM":"Carmen Southeast","SHORT_NAM":"Carmen Southeast","SAGE":"N","CAPACITY_1":0,"SOS_Cluste":"Contracted","ENR_9_2019":724,"ENR_9_2017":364,"ENR_9_2016":0,"CLOSED":0,"OPENED":0,"IFAS_ID":" ","YR_RND":" ","CHOICE":0,"SCHOOL_TYP":"Contracted","PUBLIC_SCH":"Charter","SCHOOL_CLA":"9-12","MAPCLASS":"Charter Schools","POOL":0,"NON_INSTRU":0,"VACANT":0,"CAP_ENROLL":0,"COMMENTS":" ","BUILDING_N":"Pulaski/ Carmen So","SIFI":0,"Trans_Type":" ","Active_Enr":0,"Active":1,"izones":"No Zone","Montessori":0,"WorldLangu":0,"Immersion":0}},{"type":"Feature","id":99,"geometry":{"type":"Point","coordinates":[-87.949613877567131,43.005003073160402]},"properties":{"FID":99,"Status":"M","Score":100,"Match_type":"A","Match_addr":"2820 W GRANT ST, MILWAUKEE, WI, 53215","Addr_type":"StreetAddress","AddNum":"2820","AddNumFrom":"2800","AddNumTo":"2898","Side":"R","StPreDir":"W","StPreType":" ","StName":"GRANT","StType":"ST","StDir":" ","StAddr":"2820 W GRANT ST","City":"MILWAUKEE","County":" ","State":"WI","StateAbbr":" ","ZIP":"53215","Country":"USA","LangCode":" ","Distance":0,"X":2548430.6418400002,"Y":373006.97982299997,"DisplayX":2548430.6418400002,"DisplayY":373006.97982299997,"Xmin":0,"Xmax":0,"Ymin":0,"Ymax":0,"ARC_Street":"2820 W GRANT ST","ARC_City":"MILWAUKEE","ARC_State":"WI","ARC_ZIP":"53215","ADDRESS":"2820 W GRANT ST","City_1":"MILWAUKEE","State_1":"WI","ZIP_1":53215,"SCH_ID":405,"SCHOOL_ID":296,"SCHOOL_NAM":"Lad Lake Synergy","SHORT_NAM":"Lad Lake Synergy","SAGE":"N","CAPACITY_1":0,"SOS_Cluste":"Contracted","ENR_9_2019":53,"ENR_9_2017":76,"ENR_9_2016":39,"CLOSED":0,"OPENED":0,"IFAS_ID":" ","YR_RND":" ","CHOICE":0,"SCHOOL_TYP":"Contracted","PUBLIC_SCH":"Alternative","SCHOOL_CLA":"6-12","MAPCLASS":"Partnership School","POOL":0,"NON_INSTRU":0,"VACANT":0,"CAP_ENROLL":0,"COMMENTS":"Lad Lake Synergy North closed 6/30/14; this was Synergy South","BUILDING_N":" ","SIFI":0,"Trans_Type":" ","Active_Enr":1,"Active":1,"izones":"No Zone","Montessori":0,"WorldLangu":0,"Immersion":0}},{"type":"Feature","id":100,"geometry":{"type":"Point","coordinates":[-87.925403142888143,42.988349224968523]},"properties":{"FID":100,"Status":"M","Score":100,"Match_type":"A","Match_addr":"1016 W OKLAHOMA AV, MILWAUKEE, WI, 53215","Addr_type":"StreetAddress","AddNum":"1016","AddNumFrom":"1000","AddNumTo":"1098","Side":"R","StPreDir":"W","StPreType":" ","StName":"OKLAHOMA","StType":"AV","StDir":" ","StAddr":"1016 W OKLAHOMA AV","City":"MILWAUKEE","County":" ","State":"WI","StateAbbr":" ","ZIP":"53215","Country":"USA","LangCode":" ","Distance":0,"X":2555055.7260500002,"Y":367099.36988399999,"DisplayX":2555055.7260500002,"DisplayY":367099.36988399999,"Xmin":0,"Xmax":0,"Ymin":0,"Ymax":0,"ARC_Street":"1016 W OKLAHOMA AV","ARC_City":"MILWAUKEE","ARC_State":"WI","ARC_ZIP":"53215","ADDRESS":"1016 W OKLAHOMA AV","City_1":"MILWAUKEE","State_1":"WI","ZIP_1":53215,"SCH_ID":295,"SCHOOL_ID":295,"SCHOOL_NAM":"Clement J Zablocki","SHORT_NAM":"Zablocki","SAGE":"Y","CAPACITY_1":560,"SOS_Cluste":"Southwest","ENR_9_2019":337,"ENR_9_2017":381,"ENR_9_2016":441,"CLOSED":0,"OPENED":0,"IFAS_ID":"ZA","YR_RND":" ","CHOICE":0,"SCHOOL_TYP":"Public","PUBLIC_SCH":"Neighborhood","SCHOOL_CLA":"K4-5","MAPCLASS":"Public Schools","POOL":0,"NON_INSTRU":0,"VACANT":7,"CAP_ENROLL":556,"COMMENTS":" ","BUILDING_N":"Zablocki","SIFI":0,"Trans_Type":"RG","Active_Enr":71,"Active":1,"izones":"Zone 4","Montessori":0,"WorldLangu":0,"Immersion":0}},{"type":"Feature","id":101,"geometry":{"type":"Point","coordinates":[-87.957648231567418,43.012255145279369]},"properties":{"FID":101,"Status":"M","Score":100,"Match_type":"A","Match_addr":"1711 S 35TH ST, MILWAUKEE, WI, 53215","Addr_type":"StreetAddress","AddNum":"1711","AddNumFrom":"1701","AddNumTo":"1899","Side":"R","StPreDir":"S","StPreType":" ","StName":"35TH","StType":"ST","StDir":" ","StAddr":"1711 S 35TH ST","City":"MILWAUKEE","County":" ","State":"WI","StateAbbr":" ","ZIP":"53215","Country":"USA","LangCode":" ","Distance":0,"X":2546217.4688499998,"Y":375596.539598,"DisplayX":2546217.4688499998,"DisplayY":375596.539598,"Xmin":0,"Xmax":0,"Ymin":0,"Ymax":0,"ARC_Street":"1711 S 35th ST","ARC_City":"MILWAUKEE","ARC_State":"WI","ARC_ZIP":"53215","ADDRESS":"1711 S 35th ST","City_1":"MILWAUKEE","State_1":"WI","ZIP_1":53215,"SCH_ID":202,"SCHOOL_ID":202,"SCHOOL_NAM":"Greenfield","SHORT_NAM":"Greenfield","SAGE":"Y","CAPACITY_1":388,"SOS_Cluste":"Southwest","ENR_9_2019":645,"ENR_9_2017":690,"ENR_9_2016":662,"CLOSED":0,"OPENED":0,"IFAS_ID":"GN","YR_RND":" ","CHOICE":0,"SCHOOL_TYP":"Public","PUBLIC_SCH":"Neighborhood","SCHOOL_CLA":"K4-8","MAPCLASS":"Public Schools","POOL":0,"NON_INSTRU":0,"VACANT":-39,"CAP_ENROLL":614,"COMMENTS":"Capacity does not reflect seats added from NSI. NSI capacity was 795.","BUILDING_N":"Greenfield","SIFI":0,"Trans_Type":"RG","Active_Enr":192,"Active":1,"izones":"Zone 1","Montessori":0,"WorldLangu":0,"Immersion":0}},{"type":"Feature","id":102,"geometry":{"type":"Point","coordinates":[-87.953938162640441,43.012311374364259]},"properties":{"FID":102,"Status":"M","Score":100,"Match_type":"A","Match_addr":"1712 S 32ND ST, MILWAUKEE, WI, 53215","Addr_type":"StreetAddress","AddNum":"1712","AddNumFrom":"1700","AddNumTo":"1898","Side":"L","StPreDir":"S","StPreType":" ","StName":"32ND","StType":"ST","StDir":" ","StAddr":"1712 S 32ND ST","City":"MILWAUKEE","County":" ","State":"WI","StateAbbr":" ","ZIP":"53215","Country":"USA","LangCode":" ","Distance":0,"X":2547208.9481799998,"Y":375641.34955899999,"DisplayX":2547208.9481799998,"DisplayY":375641.34955899999,"Xmin":0,"Xmax":0,"Ymin":0,"Ymax":0,"ARC_Street":"1712 S 32nd ST","ARC_City":"MILWAUKEE","ARC_State":"WI","ARC_ZIP":"53215","ADDRESS":"1712 S 32nd ST","City_1":"MILWAUKEE","State_1":"WI","ZIP_1":53215,"SCH_ID":76,"SCHOOL_ID":162,"SCHOOL_NAM":"ALBA","SHORT_NAM":"ALBA","SAGE":"N","CAPACITY_1":820,"SOS_Cluste":"Southwest","ENR_9_2019":538,"ENR_9_2017":495,"ENR_9_2016":402,"CLOSED":0,"OPENED":0,"IFAS_ID":"A3","YR_RND":"IB","CHOICE":0,"SCHOOL_TYP":"Public","PUBLIC_SCH":"Charter","SCHOOL_CLA":"HS-5","MAPCLASS":"Charter Schools","POOL":0,"NON_INSTRU":0,"VACANT":58,"CAP_ENROLL":624,"COMMENTS":"Other in bldg: ALBA, Carmen HS, SUPAR","BUILDING_N":"ALBA / Carmen - South","SIFI":0,"Trans_Type":"CH","Active_Enr":106,"Active":1,"izones":"Zone 1","Montessori":0,"WorldLangu":0,"Immersion":0}},{"type":"Feature","id":103,"geometry":{"type":"Point","coordinates":[-87.945830604672963,42.988604753692123]},"properties":{"FID":103,"Status":"M","Score":100,"Match_type":"A","Match_addr":"2500 W OKLAHOMA AV, MILWAUKEE, WI, 53215","Addr_type":"StreetAddress","AddNum":"2500","AddNumFrom":"2500","AddNumTo":"2598","Side":"R","StPreDir":"W","StPreType":" ","StName":"OKLAHOMA","StType":"AV","StDir":" ","StAddr":"2500 W OKLAHOMA AV","City":"MILWAUKEE","County":" ","State":"WI","StateAbbr":" ","ZIP":"53215","Country":"USA","LangCode":" ","Distance":0,"X":2549589.52513,"Y":367057.176408,"DisplayX":2549589.52513,"DisplayY":367057.176408,"Xmin":0,"Xmax":0,"Ymin":0,"Ymax":0,"ARC_Street":"2500 W OKLAHOMA AV","ARC_City":"MILWAUKEE","ARC_State":"WI","ARC_ZIP":"53215","ADDRESS":"2500 W OKLAHOMA AV","City_1":"MILWAUKEE","State_1":"WI","ZIP_1":53215,"SCH_ID":26,"SCHOOL_ID":26,"SCHOOL_NAM":"Casimir Pulaski","SHORT_NAM":"Pulaski","SAGE":"N","CAPACITY_1":1518,"SOS_Cluste":"High School","ENR_9_2019":837,"ENR_9_2017":972,"ENR_9_2016":958,"CLOSED":0,"OPENED":0,"IFAS_ID":"PK","YR_RND":" ","CHOICE":0,"SCHOOL_TYP":"Public","PUBLIC_SCH":"Neighborhood","SCHOOL_CLA":"9-12","MAPCLASS":"Public Schools","POOL":0,"NON_INSTRU":0,"VACANT":11,"CAP_ENROLL":1513,"COMMENTS":"7/1/14 Commitment Sch","BUILDING_N":"Pulaski/ Carmen So","SIFI":5,"Trans_Type":"HS","Active_Enr":111,"Active":1,"izones":"Zone 8","Montessori":0,"WorldLangu":1,"Immersion":0}},{"type":"Feature","id":104,"geometry":{"type":"Point","coordinates":[-87.93599539087522,43.003002727104985]},"properties":{"FID":104,"Status":"M","Score":100,"Match_type":"A","Match_addr":"1817 W LINCOLN AV, MILWAUKEE, WI, 53215","Addr_type":"StreetAddress","AddNum":"1817","AddNumFrom":"1801","AddNumTo":"1849","Side":"L","StPreDir":"W","StPreType":" ","StName":"LINCOLN","StType":"AV","StDir":" ","StAddr":"1817 W LINCOLN AV","City":"MILWAUKEE","County":" ","State":"WI","StateAbbr":" ","ZIP":"53215","Country":"USA","LangCode":" ","Distance":0,"X":2552090.3546600002,"Y":372368.01740299998,"DisplayX":2552090.3546600002,"DisplayY":372368.01740299998,"Xmin":0,"Xmax":0,"Ymin":0,"Ymax":0,"ARC_Street":"1817 W LINCOLN AV","ARC_City":"MILWAUKEE","ARC_State":"WI","ARC_ZIP":"53215","ADDRESS":"1817 W LINCOLN AV","City_1":"MILWAUKEE","State_1":"WI","ZIP_1":53215,"SCH_ID":250,"SCHOOL_ID":250,"SCHOOL_NAM":"Lincoln Av","SHORT_NAM":"Lincoln","SAGE":"Y","CAPACITY_1":430,"SOS_Cluste":"Southwest","ENR_9_2019":501,"ENR_9_2017":515,"ENR_9_2016":483,"CLOSED":0,"OPENED":0,"IFAS_ID":"LI","YR_RND":" ","CHOICE":0,"SCHOOL_TYP":"Public","PUBLIC_SCH":"Neighborhood","SCHOOL_CLA":"HS-5","MAPCLASS":"Public Schools","POOL":0,"NON_INSTRU":0,"VACANT":9,"CAP_ENROLL":579,"COMMENTS":" ","BUILDING_N":"Lincoln Ave Elementary","SIFI":1,"Trans_Type":"RG","Active_Enr":99,"Active":1,"izones":"Zone 4","Montessori":0,"WorldLangu":0,"Immersion":0}},{"type":"Feature","id":105,"geometry":{"type":"Point","coordinates":[-87.953938162640441,43.012311374364259]},"properties":{"FID":105,"Status":"M","Score":100,"Match_type":"A","Match_addr":"1712 S 32ND ST, MILWAUKEE, WI, 53215","Addr_type":"StreetAddress","AddNum":"1712","AddNumFrom":"1700","AddNumTo":"1898","Side":"L","StPreDir":"S","StPreType":" ","StName":"32ND","StType":"ST","StDir":" ","StAddr":"1712 S 32ND ST","City":"MILWAUKEE","County":" ","State":"WI","StateAbbr":" ","ZIP":"53215","Country":"USA","LangCode":" ","Distance":0,"X":2547208.9481799998,"Y":375641.34955899999,"DisplayX":2547208.9481799998,"DisplayY":375641.34955899999,"Xmin":0,"Xmax":0,"Ymin":0,"Ymax":0,"ARC_Street":"1712 S 32nd ST","ARC_City":"MILWAUKEE","ARC_State":"WI","ARC_ZIP":"53215","ADDRESS":"1712 S 32nd ST","City_1":"MILWAUKEE","State_1":"WI","ZIP_1":53215,"SCH_ID":678,"SCHOOL_ID":407,"SCHOOL_NAM":"Carmen HS of Science & Technology-South","SHORT_NAM":"Carmen-South","SAGE":"N","CAPACITY_1":0,"SOS_Cluste":"Contracted","ENR_9_2019":368,"ENR_9_2017":363,"ENR_9_2016":367,"CLOSED":0,"OPENED":0,"IFAS_ID":" ","YR_RND":" ","CHOICE":0,"SCHOOL_TYP":"Contracted","PUBLIC_SCH":"Charter","SCHOOL_CLA":"9-12","MAPCLASS":"Charter Schools","POOL":0,"NON_INSTRU":0,"VACANT":0,"CAP_ENROLL":0,"COMMENTS":"Non-Instr; 7/30/15 max cap 350","BUILDING_N":" ","SIFI":0,"Trans_Type":"CH","Active_Enr":1,"Active":1,"izones":"No Zone","Montessori":0,"WorldLangu":0,"Immersion":0}},{"type":"Feature","id":106,"geometry":{"type":"Point","coordinates":[-87.965023746638479,42.990931284072261]},"properties":{"FID":106,"Status":"M","Score":100,"Match_type":"A","Match_addr":"4040 W FOREST HOME AV, MILWAUKEE, WI, 53215","Addr_type":"StreetAddress","AddNum":"4040","AddNumFrom":"4000","AddNumTo":"4098","Side":"R","StPreDir":"W","StPreType":" ","StName":"FOREST HOME","StType":"AV","StDir":" ","StAddr":"4040 W FOREST HOME AV","City":"MILWAUKEE","County":" ","State":"WI","StateAbbr":" ","ZIP":"53215","Country":"USA","LangCode":" ","Distance":0,"X":2544435.07278,"Y":367778.949677,"DisplayX":2544435.07278,"DisplayY":367778.949677,"Xmin":0,"Xmax":0,"Ymin":0,"Ymax":0,"ARC_Street":"4040 W FOREST HOME AV","ARC_City":"MILWAUKEE","ARC_State":"WI","ARC_ZIP":"53215","ADDRESS":"4040 W FOREST HOME AV","City_1":"MILWAUKEE","State_1":"WI","ZIP_1":53215,"SCH_ID":265,"SCHOOL_ID":265,"SCHOOL_NAM":"Manitoba","SHORT_NAM":"Manitoba","SAGE":"N","CAPACITY_1":506,"SOS_Cluste":"Southwest","ENR_9_2019":456,"ENR_9_2017":552,"ENR_9_2016":503,"CLOSED":0,"OPENED":0,"IFAS_ID":"MB","YR_RND":" ","CHOICE":0,"SCHOOL_TYP":"Public","PUBLIC_SCH":"Neighborhood","SCHOOL_CLA":"K4-8","MAPCLASS":"Public Schools","POOL":0,"NON_INSTRU":0,"VACANT":-2,"CAP_ENROLL":529,"COMMENTS":" ","BUILDING_N":"Manitoba","SIFI":0,"Trans_Type":"RG","Active_Enr":108,"Active":1,"izones":"Zone 3","Montessori":0,"WorldLangu":0,"Immersion":0}},{"type":"Feature","id":107,"geometry":{"type":"Point","coordinates":[-87.951699685345062,43.019137689300614]},"properties":{"FID":107,"Status":"M","Score":100,"Match_type":"A","Match_addr":"3014 W SCOTT ST, MILWAUKEE, WI, 53215","Addr_type":"StreetAddress","AddNum":"3014","AddNumFrom":"3000","AddNumTo":"3098","Side":"R","StPreDir":"W","StPreType":" ","StName":"SCOTT","StType":"ST","StDir":" ","StAddr":"3014 W SCOTT ST","City":"MILWAUKEE","County":" ","State":"WI","StateAbbr":" ","ZIP":"53215","Country":"USA","LangCode":" ","Distance":0,"X":2547746.3554699998,"Y":378143.21236800001,"DisplayX":2547746.3554699998,"DisplayY":378143.21236800001,"Xmin":0,"Xmax":0,"Ymin":0,"Ymax":0,"ARC_Street":"3014 W SCOTT ST","ARC_City":"MILWAUKEE","ARC_State":"WI","ARC_ZIP":"53215","ADDRESS":"3014 W SCOTT ST","City_1":"MILWAUKEE","State_1":"WI","ZIP_1":53215,"SCH_ID":125,"SCHOOL_ID":125,"SCHOOL_NAM":"Anna F Doerfler","SHORT_NAM":"Doerfler","SAGE":"Y","CAPACITY_1":560,"SOS_Cluste":"Southwest","ENR_9_2019":564,"ENR_9_2017":629,"ENR_9_2016":726,"CLOSED":0,"OPENED":0,"IFAS_ID":"DF","YR_RND":" ","CHOICE":0,"SCHOOL_TYP":"Public","PUBLIC_SCH":"Neighborhood","SCHOOL_CLA":"K4-8","MAPCLASS":"Public Schools","POOL":0,"NON_INSTRU":0,"VACANT":-45,"CAP_ENROLL":784,"COMMENTS":"Capacity does not reflect seats added from NSI. NSI capacity was 795.","BUILDING_N":"Doerfler","SIFI":0,"Trans_Type":"RG","Active_Enr":118,"Active":1,"izones":"Zone 1","Montessori":0,"WorldLangu":0,"Immersion":0}},{"type":"Feature","id":108,"geometry":{"type":"Point","coordinates":[-87.954424161743177,42.982056447921011]},"properties":{"FID":108,"Status":"M","Score":100,"Match_type":"A","Match_addr":"3450 S 32ND ST, MILWAUKEE, WI, 53215","Addr_type":"StreetAddress","AddNum":"3450","AddNumFrom":"3450","AddNumTo":"3498","Side":"L","StPreDir":"S","StPreType":" ","StName":"32ND","StType":"ST","StDir":" ","StAddr":"3450 S 32ND ST","City":"MILWAUKEE","County":" ","State":"WI","StateAbbr":" ","ZIP":"53215","Country":"USA","LangCode":" ","Distance":0,"X":2547349.47273,"Y":364614.78831700003,"DisplayX":2547349.47273,"DisplayY":364614.78831700003,"Xmin":0,"Xmax":0,"Ymin":0,"Ymax":0,"ARC_Street":"3450 S 32nd ST","ARC_City":"MILWAUKEE","ARC_State":"WI","ARC_ZIP":"53215","ADDRESS":"3450 S 32nd ST","City_1":"MILWAUKEE","State_1":"WI","ZIP_1":53215,"SCH_ID":122,"SCHOOL_ID":122,"SCHOOL_NAM":"Jeremiah Curtin","SHORT_NAM":"Curtin","SAGE":"N","CAPACITY_1":226,"SOS_Cluste":"Southwest","ENR_9_2019":328,"ENR_9_2017":315,"ENR_9_2016":304,"CLOSED":0,"OPENED":0,"IFAS_ID":"CU","YR_RND":" ","CHOICE":0,"SCHOOL_TYP":"Public","PUBLIC_SCH":"Neighborhood","SCHOOL_CLA":"K4-8","MAPCLASS":"Public Schools","POOL":0,"NON_INSTRU":0,"VACANT":14,"CAP_ENROLL":377,"COMMENTS":"7/1/2009, K4-8","BUILDING_N":"Curtin","SIFI":0,"Trans_Type":"RG","Active_Enr":159,"Active":1,"izones":"Zone 2","Montessori":0,"WorldLangu":0,"Immersion":0}},{"type":"Feature","id":109,"geometry":{"type":"Point","coordinates":[-87.979563109312735,43.08370921737982]},"properties":{"FID":109,"Status":"M","Score":100,"Match_type":"A","Match_addr":"3618 N 53RD ST, MILWAUKEE, WI, 53216","Addr_type":"StreetAddress","AddNum":"3618","AddNumFrom":"3500","AddNumTo":"3698","Side":"R","StPreDir":"N","StPreType":" ","StName":"53RD","StType":"ST","StDir":" ","StAddr":"3618 N 53RD ST","City":"MILWAUKEE","County":" ","State":"WI","StateAbbr":" ","ZIP":"53216","Country":"USA","LangCode":" ","Distance":0,"X":2539727.0143800001,"Y":401488.308938,"DisplayX":2539727.0143800001,"DisplayY":401488.308938,"Xmin":0,"Xmax":0,"Ymin":0,"Ymax":0,"ARC_Street":"3618 N 53rd ST","ARC_City":"MILWAUKEE","ARC_State":"WI","ARC_ZIP":"53216","ADDRESS":"3618 N 53rd ST","City_1":"MILWAUKEE","State_1":"WI","ZIP_1":53216,"SCH_ID":170,"SCHOOL_ID":170,"SCHOOL_NAM":"Fifty-Third St","SHORT_NAM":"Fifty-Third","SAGE":"Y","CAPACITY_1":398,"SOS_Cluste":"Central","ENR_9_2019":408,"ENR_9_2017":424,"ENR_9_2016":393,"CLOSED":0,"OPENED":0,"IFAS_ID":"53","YR_RND":" ","CHOICE":0,"SCHOOL_TYP":"Public","PUBLIC_SCH":"Neighborhood","SCHOOL_CLA":"K4-8","MAPCLASS":"Public Schools","POOL":0,"NON_INSTRU":0,"VACANT":29,"CAP_ENROLL":428,"COMMENTS":" ","BUILDING_N":"Fifty-Third","SIFI":2,"Trans_Type":"RG","Active_Enr":90,"Active":1,"izones":"Zone 4","Montessori":0,"WorldLangu":0,"Immersion":0}},{"type":"Feature","id":110,"geometry":{"type":"Point","coordinates":[-87.967203325343306,43.080452116037932]},"properties":{"FID":110,"Status":"M","Score":100,"Match_type":"A","Match_addr":"3360 N SHERMAN BL, MILWAUKEE, WI, 53216","Addr_type":"StreetAddress","AddNum":"3360","AddNumFrom":"3336","AddNumTo":"3398","Side":"R","StPreDir":"N","StPreType":" ","StName":"SHERMAN","StType":"BL","StDir":" ","StAddr":"3360 N SHERMAN BL","City":"MILWAUKEE","County":" ","State":"WI","StateAbbr":" ","ZIP":"53216","Country":"USA","LangCode":" ","Distance":0,"X":2543056.8133700001,"Y":400381.81291400001,"DisplayX":2543056.8133700001,"DisplayY":400381.81291400001,"Xmin":0,"Xmax":0,"Ymin":0,"Ymax":0,"ARC_Street":"3360 N SHERMAN BL","ARC_City":"MILWAUKEE","ARC_State":"WI","ARC_ZIP":"53216","ADDRESS":"3360 N SHERMAN BL","City_1":"MILWAUKEE","State_1":"WI","ZIP_1":53216,"SCH_ID":365,"SCHOOL_ID":365,"SCHOOL_NAM":"Townsend","SHORT_NAM":"Townsend","SAGE":"Y","CAPACITY_1":368,"SOS_Cluste":"Central","ENR_9_2019":352,"ENR_9_2017":327,"ENR_9_2016":308,"CLOSED":0,"OPENED":0,"IFAS_ID":"TO","YR_RND":" ","CHOICE":0,"SCHOOL_TYP":"Public","PUBLIC_SCH":"Neighborhood","SCHOOL_CLA":"K4-8","MAPCLASS":"Public Schools","POOL":0,"NON_INSTRU":0,"VACANT":25,"CAP_ENROLL":377,"COMMENTS":" ","BUILDING_N":"Townsend","SIFI":2,"Trans_Type":"RG","Active_Enr":86,"Active":1,"izones":"Zone 3","Montessori":0,"WorldLangu":0,"Immersion":0}},{"type":"Feature","id":111,"geometry":{"type":"Point","coordinates":[-87.958366140010071,43.093564088488698]},"properties":{"FID":111,"Status":"M","Score":100,"Match_type":"A","Match_addr":"3600 W HOPE AV, MILWAUKEE, WI, 53216","Addr_type":"StreetAddress","AddNum":"3600","AddNumFrom":"3600","AddNumTo":"3722","Side":"R","StPreDir":"W","StPreType":" ","StName":"HOPE","StType":"AV","StDir":" ","StAddr":"3600 W HOPE AV","City":"MILWAUKEE","County":" ","State":"WI","StateAbbr":" ","ZIP":"53216","Country":"USA","LangCode":" ","Distance":0,"X":2545300.0418799999,"Y":405216.863319,"DisplayX":2545300.0418799999,"DisplayY":405216.863319,"Xmin":0,"Xmax":0,"Ymin":0,"Ymax":0,"ARC_Street":"3600 W HOPE AV","ARC_City":"MILWAUKEE","ARC_State":"WI","ARC_ZIP":"53216","ADDRESS":"3600 W HOPE AV","City_1":"MILWAUKEE","State_1":"WI","ZIP_1":53216,"SCH_ID":114,"SCHOOL_ID":114,"SCHOOL_NAM":"Samuel Clemens","SHORT_NAM":"Clemens","SAGE":"Y","CAPACITY_1":312,"SOS_Cluste":"Central","ENR_9_2019":341,"ENR_9_2017":306,"ENR_9_2016":289,"CLOSED":0,"OPENED":0,"IFAS_ID":"CL","YR_RND":" ","CHOICE":0,"SCHOOL_TYP":"Public","PUBLIC_SCH":"Neighborhood","SCHOOL_CLA":"K4-5","MAPCLASS":"Public Schools","POOL":0,"NON_INSTRU":0,"VACANT":26,"CAP_ENROLL":379,"COMMENTS":"7/1/2009, K4-5; 7/1/14 Commitment Sch","BUILDING_N":"Clemens","SIFI":0,"Trans_Type":"RG","Active_Enr":82,"Active":1,"izones":"Zone 5","Montessori":0,"WorldLangu":0,"Immersion":0}},{"type":"Feature","id":112,"geometry":{"type":"Point","coordinates":[-87.992010138518552,43.09264323794379]},"properties":{"FID":112,"Status":"M","Score":100,"Match_type":"A","Match_addr":"4141 N 64TH ST, MILWAUKEE, WI, 53216","Addr_type":"StreetAddress","AddNum":"4141","AddNumFrom":"4101","AddNumTo":"4199","Side":"L","StPreDir":"N","StPreType":" ","StName":"64TH","StType":"ST","StDir":" ","StAddr":"4141 N 64TH ST","City":"MILWAUKEE","County":" ","State":"WI","StateAbbr":" ","ZIP":"53216","Country":"USA","LangCode":" ","Distance":0,"X":2536324.4385099998,"Y":404663.16114600003,"DisplayX":2536324.4385099998,"DisplayY":404663.16114600003,"Xmin":0,"Xmax":0,"Ymin":0,"Ymax":0,"ARC_Street":"4141 N 64th ST","ARC_City":"MILWAUKEE","ARC_State":"WI","ARC_ZIP":"53216","ADDRESS":"4141 N 64th ST","City_1":"MILWAUKEE","State_1":"WI","ZIP_1":53216,"SCH_ID":8,"SCHOOL_ID":8,"SCHOOL_NAM":"John Marshall HS for Gifted & Talented","SHORT_NAM":"Marshall HS","SAGE":"N","CAPACITY_1":1688,"SOS_Cluste":"High School","ENR_9_2019":1041,"ENR_9_2017":819,"ENR_9_2016":818,"CLOSED":0,"OPENED":0,"IFAS_ID":"MR","YR_RND":" ","CHOICE":0,"SCHOOL_TYP":"Public","PUBLIC_SCH":"Neighborhood Specialty","SCHOOL_CLA":"9-12","MAPCLASS":"Public Schools","POOL":0,"NON_INSTRU":0,"VACANT":45,"CAP_ENROLL":1210,"COMMENTS":"Other in bldg: Marshal HS, Dubois, Marshall Montessori IB HS, MAAST","BUILDING_N":"Marshall","SIFI":0,"Trans_Type":"CW","Active_Enr":50,"Active":1,"izones":"Zone 7","Montessori":0,"WorldLangu":1,"Immersion":0}},{"type":"Feature","id":113,"geometry":{"type":"Point","coordinates":[-87.994728615711949,43.088173398900906]},"properties":{"FID":113,"Status":"M","Score":100,"Match_type":"A","Match_addr":"6600 W MELVINA ST, MILWAUKEE, WI, 53216","Addr_type":"StreetAddress","AddNum":"6600","AddNumFrom":"6600","AddNumTo":"6698","Side":"R","StPreDir":"W","StPreType":" ","StName":"MELVINA","StType":"ST","StDir":" ","StAddr":"6600 W MELVINA ST","City":"MILWAUKEE","County":" ","State":"WI","StateAbbr":" ","ZIP":"53216","Country":"USA","LangCode":" ","Distance":0,"X":2535637.7028000001,"Y":403017.07588600001,"DisplayX":2535637.7028000001,"DisplayY":403017.07588600001,"Xmin":0,"Xmax":0,"Ymin":0,"Ymax":0,"ARC_Street":"6600 W MELVINA ST","ARC_City":"MILWAUKEE","ARC_State":"WI","ARC_ZIP":"53216","ADDRESS":"6600 W MELVINA ST","City_1":"MILWAUKEE","State_1":"WI","ZIP_1":53216,"SCH_ID":615,"SCHOOL_ID":118,"SCHOOL_NAM":"Milw Environmental Sciences Academy","SHORT_NAM":"Milw Environmental","SAGE":"N","CAPACITY_1":506,"SOS_Cluste":"Contracted","ENR_9_2019":418,"ENR_9_2017":410,"ENR_9_2016":311,"CLOSED":0,"OPENED":0,"IFAS_ID":" ","YR_RND":" ","CHOICE":0,"SCHOOL_TYP":"Contracted","PUBLIC_SCH":"Charter","SCHOOL_CLA":"K4-8","MAPCLASS":"Charter Schools","POOL":0,"NON_INSTRU":0,"VACANT":0,"CAP_ENROLL":0,"COMMENTS":"Non-Instr; 7/1/14 added Gr 6","BUILDING_N":"Milw Environmental - Leased","SIFI":0,"Trans_Type":" ","Active_Enr":85,"Active":1,"izones":"No Zone","Montessori":0,"WorldLangu":0,"Immersion":0}},{"type":"Feature","id":114,"geometry":{"type":"Point","coordinates":[-87.979707716920075,43.089984479217868]},"properties":{"FID":114,"Status":"M","Score":100,"Match_type":"A","Match_addr":"5310 W CAPITOL DR, MILWAUKEE, WI, 53216","Addr_type":"StreetAddress","AddNum":"5310","AddNumFrom":"5300","AddNumTo":"5398","Side":"R","StPreDir":"W","StPreType":" ","StName":"CAPITOL","StType":"DR","StDir":" ","StAddr":"5310 W CAPITOL DR","City":"MILWAUKEE","County":" ","State":"WI","StateAbbr":" ","ZIP":"53216","Country":"USA","LangCode":" ","Distance":0,"X":2539632.9890200002,"Y":403773.79333000001,"DisplayX":2539632.9890200002,"DisplayY":403773.79333000001,"Xmin":0,"Xmax":0,"Ymin":0,"Ymax":0,"ARC_Street":"5310 W CAPITOL DR","ARC_City":"MILWAUKEE","ARC_State":"WI","ARC_ZIP":"53216","ADDRESS":"5310 W CAPITOL DR","City_1":"MILWAUKEE","State_1":"WI","ZIP_1":53216,"SCH_ID":999,"SCHOOL_ID":1141,"SCHOOL_NAM":"Next Door Foundation","SHORT_NAM":"Next Door Fdtn","SAGE":"N","CAPACITY_1":0,"SOS_Cluste":"Contracted","ENR_9_2019":119,"ENR_9_2017":180,"ENR_9_2016":0,"CLOSED":0,"OPENED":0,"IFAS_ID":" ","YR_RND":" ","CHOICE":0,"SCHOOL_TYP":"Contracted","PUBLIC_SCH":"Charter","SCHOOL_CLA":"K4-K5","MAPCLASS":"Charter Schools","POOL":0,"NON_INSTRU":0,"VACANT":0,"CAP_ENROLL":0,"COMMENTS":" ","BUILDING_N":" ","SIFI":0,"Trans_Type":" ","Active_Enr":0,"Active":1,"izones":"No Zone","Montessori":0,"WorldLangu":0,"Immersion":0}},{"type":"Feature","id":115,"geometry":{"type":"Point","coordinates":[-87.990982637232278,43.117440302049573]},"properties":{"FID":115,"Status":"M","Score":100,"Match_type":"A","Match_addr":"5440 N 64TH ST, MILWAUKEE, WI, 53218","Addr_type":"StreetAddress","AddNum":"5440","AddNumFrom":"5440","AddNumTo":"5498","Side":"R","StPreDir":"N","StPreType":" ","StName":"64TH","StType":"ST","StDir":" ","StAddr":"5440 N 64TH ST","City":"MILWAUKEE","County":" ","State":"WI","StateAbbr":" ","ZIP":"53218","Country":"USA","LangCode":" ","Distance":0,"X":2536381.0916499998,"Y":413704.73723700002,"DisplayX":2536381.0916499998,"DisplayY":413704.73723700002,"Xmin":0,"Xmax":0,"Ymin":0,"Ymax":0,"ARC_Street":"5440 N 64th ST","ARC_City":"MILWAUKEE","ARC_State":"WI","ARC_ZIP":"53218","ADDRESS":"5440 N 64th ST","City_1":"MILWAUKEE","State_1":"WI","ZIP_1":53218,"SCH_ID":92,"SCHOOL_ID":92,"SCHOOL_NAM":"Browning","SHORT_NAM":"Browning","SAGE":"Y","CAPACITY_1":385,"SOS_Cluste":"Northwest","ENR_9_2019":321,"ENR_9_2017":313,"ENR_9_2016":320,"CLOSED":0,"OPENED":0,"IFAS_ID":"BW","YR_RND":" ","CHOICE":0,"SCHOOL_TYP":"Public","PUBLIC_SCH":"Neighborhood","SCHOOL_CLA":"K4-5","MAPCLASS":"Public Schools","POOL":0,"NON_INSTRU":0,"VACANT":40,"CAP_ENROLL":341,"COMMENTS":"7/1/2009, K4-5; 7/1/14 Commitment Sch","BUILDING_N":"Browning","SIFI":1,"Trans_Type":"RG","Active_Enr":65,"Active":1,"izones":"Zone 4","Montessori":0,"WorldLangu":0,"Immersion":0}},{"type":"Feature","id":116,"geometry":{"type":"Point","coordinates":[-87.974992930399935,43.089943895586195]},"properties":{"FID":116,"Status":"M","Score":100,"Match_type":"A","Match_addr":"4920 W CAPITOL DR, MILWAUKEE, WI, 53216","Addr_type":"StreetAddress","AddNum":"4920","AddNumFrom":"4900","AddNumTo":"4998","Side":"R","StPreDir":"W","StPreType":" ","StName":"CAPITOL","StType":"DR","StDir":" ","StAddr":"4920 W CAPITOL DR","City":"MILWAUKEE","County":" ","State":"WI","StateAbbr":" ","ZIP":"53216","Country":"USA","LangCode":" ","Distance":0,"X":2540892.3740599998,"Y":403789.55132600002,"DisplayX":2540892.3740599998,"DisplayY":403789.55132600002,"Xmin":0,"Xmax":0,"Ymin":0,"Ymax":0,"ARC_Street":"4920 W CAPITOL DR","ARC_City":"MILWAUKEE","ARC_State":"WI","ARC_ZIP":"53216","ADDRESS":"4920 W CAPITOL DR","City_1":"MILWAUKEE","State_1":"WI","ZIP_1":53216,"SCH_ID":309,"SCHOOL_ID":108,"SCHOOL_NAM":"Dr Benjamin Carson Academy","SHORT_NAM":"Carson","SAGE":"Y","CAPACITY_1":438,"SOS_Cluste":"Northwest","ENR_9_2019":460,"ENR_9_2017":496,"ENR_9_2016":389,"CLOSED":0,"OPENED":0,"IFAS_ID":"CA","YR_RND":" ","CHOICE":0,"SCHOOL_TYP":"Public","PUBLIC_SCH":"Neighborhood","SCHOOL_CLA":"HS-8","MAPCLASS":"Public Schools","POOL":0,"NON_INSTRU":0,"VACANT":17,"CAP_ENROLL":499,"COMMENTS":"7/1/2009, K4-8","BUILDING_N":"Carson","SIFI":0,"Trans_Type":"RG","Active_Enr":101,"Active":1,"izones":"Zone 5","Montessori":0,"WorldLangu":0,"Immersion":0}},{"type":"Feature","id":117,"geometry":{"type":"Point","coordinates":[-87.978478887088926,43.099499140665351]},"properties":{"FID":117,"Status":"M","Score":100,"Match_type":"A","Match_addr":"5225 W LINCOLN CREEK DR, MILWAUKEE, WI, 53218","Addr_type":"StreetAddress","AddNum":"5225","AddNumFrom":"5201","AddNumTo":"5299","Side":"L","StPreDir":"W","StPreType":" ","StName":"LINCOLN CREEK","StType":"DR","StDir":" ","StAddr":"5225 W LINCOLN CREEK DR","City":"MILWAUKEE","County":" ","State":"WI","StateAbbr":" ","ZIP":"53218","Country":"USA","LangCode":" ","Distance":0,"X":2539877.0749300001,"Y":407248.45865699998,"DisplayX":2539877.0749300001,"DisplayY":407248.45865699998,"Xmin":0,"Xmax":0,"Ymin":0,"Ymax":0,"ARC_Street":"5225 W LINCOLN CREEK DR","ARC_City":"MILWAUKEE","ARC_State":"WI","ARC_ZIP":"53218","ADDRESS":"5225 W LINCOLN CREEK DR","City_1":"MILWAUKEE","State_1":"WI","ZIP_1":53218,"SCH_ID":116,"SCHOOL_ID":116,"SCHOOL_NAM":"Congress","SHORT_NAM":"Congress","SAGE":"Y","CAPACITY_1":732,"SOS_Cluste":"Northwest","ENR_9_2019":767,"ENR_9_2017":779,"ENR_9_2016":682,"CLOSED":0,"OPENED":0,"IFAS_ID":"CO","YR_RND":"Y","CHOICE":0,"SCHOOL_TYP":"Public","PUBLIC_SCH":"Neighborhood","SCHOOL_CLA":"HS-8","MAPCLASS":"Public Schools","POOL":0,"NON_INSTRU":0,"VACANT":-1,"CAP_ENROLL":853,"COMMENTS":"7/1/2009, K3-8","BUILDING_N":"Congress","SIFI":0,"Trans_Type":"CO","Active_Enr":105,"Active":1,"izones":"Zone 2","Montessori":0,"WorldLangu":0,"Immersion":0}},{"type":"Feature","id":118,"geometry":{"type":"Point","coordinates":[-88.013510054254979,43.10621074996029]},"properties":{"FID":118,"Status":"M","Score":100,"Match_type":"A","Match_addr":"4850 N 82ND ST, MILWAUKEE, WI, 53218","Addr_type":"StreetAddress","AddNum":"4850","AddNumFrom":"4840","AddNumTo":"4898","Side":"R","StPreDir":"N","StPreType":" ","StName":"82ND","StType":"ST","StDir":" ","StAddr":"4850 N 82ND ST","City":"MILWAUKEE","County":" ","State":"WI","StateAbbr":" ","ZIP":"53218","Country":"USA","LangCode":" ","Distance":0,"X":2530465.5711500002,"Y":409469.066406,"DisplayX":2530465.5711500002,"DisplayY":409469.066406,"Xmin":0,"Xmax":0,"Ymin":0,"Ymax":0,"ARC_Street":"4850 N 82nd ST","ARC_City":"MILWAUKEE","ARC_State":"WI","ARC_ZIP":"53218","ADDRESS":"4850 N 82nd ST","City_1":"MILWAUKEE","State_1":"WI","ZIP_1":53218,"SCH_ID":196,"SCHOOL_ID":196,"SCHOOL_NAM":"Grantosa Dr","SHORT_NAM":"Grantosa","SAGE":"Y","CAPACITY_1":557,"SOS_Cluste":"Northwest","ENR_9_2019":589,"ENR_9_2017":641,"ENR_9_2016":607,"CLOSED":0,"OPENED":0,"IFAS_ID":"GT","YR_RND":" ","CHOICE":0,"SCHOOL_TYP":"Public","PUBLIC_SCH":"Neighborhood","SCHOOL_CLA":"K4-8","MAPCLASS":"Public Schools","POOL":0,"NON_INSTRU":0,"VACANT":3,"CAP_ENROLL":647,"COMMENTS":" ","BUILDING_N":"Grantosa","SIFI":1,"Trans_Type":"RG","Active_Enr":98,"Active":1,"izones":"Zone 4","Montessori":0,"WorldLangu":0,"Immersion":0}},{"type":"Feature","id":119,"geometry":{"type":"Point","coordinates":[-87.978772521526764,43.108501040107335]},"properties":{"FID":119,"Status":"M","Score":100,"Match_type":"A","Match_addr":"5000 N 53RD ST, MILWAUKEE, WI, 53218","Addr_type":"StreetAddress","AddNum":"5000","AddNumFrom":"5000","AddNumTo":"5198","Side":"R","StPreDir":"N","StPreType":" ","StName":"53RD","StType":"ST","StDir":" ","StAddr":"5000 N 53RD ST","City":"MILWAUKEE","County":" ","State":"WI","StateAbbr":" ","ZIP":"53218","Country":"USA","LangCode":" ","Distance":0,"X":2539719.15864,"Y":410526.44437699998,"DisplayX":2539719.15864,"DisplayY":410526.44437699998,"Xmin":0,"Xmax":0,"Ymin":0,"Ymax":0,"ARC_Street":"5000 N 53rd ST","ARC_City":"MILWAUKEE","ARC_State":"WI","ARC_ZIP":"53218","ADDRESS":"5000 N 53rd ST","City_1":"MILWAUKEE","State_1":"WI","ZIP_1":53218,"SCH_ID":205,"SCHOOL_ID":205,"SCHOOL_NAM":"Hampton","SHORT_NAM":"Hampton","SAGE":"Y","CAPACITY_1":387,"SOS_Cluste":"Northwest","ENR_9_2019":222,"ENR_9_2017":239,"ENR_9_2016":258,"CLOSED":0,"OPENED":0,"IFAS_ID":"HP","YR_RND":" ","CHOICE":0,"SCHOOL_TYP":"Public","PUBLIC_SCH":"Neighborhood","SCHOOL_CLA":"K4-5","MAPCLASS":"Public Schools","POOL":0,"NON_INSTRU":0,"VACANT":34,"CAP_ENROLL":379,"COMMENTS":" ","BUILDING_N":"Hampton","SIFI":0,"Trans_Type":"RG","Active_Enr":51,"Active":1,"izones":"Zone 4","Montessori":0,"WorldLangu":0,"Immersion":0}},{"type":"Feature","id":120,"geometry":{"type":"Point","coordinates":[-87.996039025131878,43.114903969912248]},"properties":{"FID":120,"Status":"M","Score":100,"Match_type":"A","Match_addr":"5354 N 68TH ST, MILWAUKEE, WI, 53218","Addr_type":"StreetAddress","AddNum":"5354","AddNumFrom":"5350","AddNumTo":"5398","Side":"R","StPreDir":"N","StPreType":" ","StName":"68TH","StType":"ST","StDir":" ","StAddr":"5354 N 68TH ST","City":"MILWAUKEE","County":" ","State":"WI","StateAbbr":" ","ZIP":"53218","Country":"USA","LangCode":" ","Distance":0,"X":2535053.6585499998,"Y":412748.12458200002,"DisplayX":2535053.6585499998,"DisplayY":412748.12458200002,"Xmin":0,"Xmax":0,"Ymin":0,"Ymax":0,"ARC_Street":"5354 N 68th ST","ARC_City":"MILWAUKEE","ARC_State":"WI","ARC_ZIP":"53218","ADDRESS":"5354 N 68th ST","City_1":"MILWAUKEE","State_1":"WI","ZIP_1":53218,"SCH_ID":237,"SCHOOL_ID":237,"SCHOOL_NAM":"Byron Kilbourn","SHORT_NAM":"Kilbourn","SAGE":"N","CAPACITY_1":452,"SOS_Cluste":"Northwest","ENR_9_2019":290,"ENR_9_2017":297,"ENR_9_2016":223,"CLOSED":0,"OPENED":0,"IFAS_ID":"KI","YR_RND":" ","CHOICE":0,"SCHOOL_TYP":"Public","PUBLIC_SCH":"Neighborhood","SCHOOL_CLA":"HS-5","MAPCLASS":"Public Schools","POOL":0,"NON_INSTRU":0,"VACANT":32,"CAP_ENROLL":303,"COMMENTS":" ","BUILDING_N":"Kilbourn","SIFI":0,"Trans_Type":"RG","Active_Enr":71,"Active":1,"izones":"Zone 4","Montessori":0,"WorldLangu":0,"Immersion":0}},{"type":"Feature","id":121,"geometry":{"type":"Point","coordinates":[-88.007902120358025,43.097226080160397]},"properties":{"FID":121,"Status":"M","Score":100,"Match_type":"A","Match_addr":"7667 W CONGRESS ST, MILWAUKEE, WI, 53218","Addr_type":"StreetAddress","AddNum":"7667","AddNumFrom":"7601","AddNumTo":"7699","Side":"L","StPreDir":"W","StPreType":" ","StName":"CONGRESS","StType":"ST","StDir":" ","StAddr":"7667 W CONGRESS ST","City":"MILWAUKEE","County":" ","State":"WI","StateAbbr":" ","ZIP":"53218","Country":"USA","LangCode":" ","Distance":0,"X":2532040.9385600002,"Y":406231.15318600001,"DisplayX":2532040.9385600002,"DisplayY":406231.15318600001,"Xmin":0,"Xmax":0,"Ymin":0,"Ymax":0,"ARC_Street":"7667 W CONGRESS ST","ARC_City":"MILWAUKEE","ARC_State":"WI","ARC_ZIP":"53218","ADDRESS":"7667 W CONGRESS ST","City_1":"MILWAUKEE","State_1":"WI","ZIP_1":53218,"SCH_ID":119,"SCHOOL_ID":501,"SCHOOL_NAM":"Craig Montessori","SHORT_NAM":"Craig Mont","SAGE":"N","CAPACITY_1":398,"SOS_Cluste":"Northwest","ENR_9_2019":307,"ENR_9_2017":393,"ENR_9_2016":425,"CLOSED":0,"OPENED":0,"IFAS_ID":"CG","YR_RND":" ","CHOICE":0,"SCHOOL_TYP":"Public","PUBLIC_SCH":"Specialty-Montessori","SCHOOL_CLA":"K3-8","MAPCLASS":"Public Schools","POOL":0,"NON_INSTRU":0,"VACANT":0,"CAP_ENROLL":538,"COMMENTS":" ","BUILDING_N":"Craig Montessori","SIFI":0,"Trans_Type":"MO","Active_Enr":101,"Active":1,"izones":"Zone 3","Montessori":1,"WorldLangu":0,"Immersion":0}},{"type":"Feature","id":122,"geometry":{"type":"Point","coordinates":[-87.994649512772938,43.122443068840823]},"properties":{"FID":122,"Status":"M","Score":100,"Match_type":"A","Match_addr":"5760 N 67TH ST, MILWAUKEE, WI, 53218","Addr_type":"StreetAddress","AddNum":"5760","AddNumFrom":"5700","AddNumTo":"5798","Side":"R","StPreDir":"N","StPreType":" ","StName":"67TH","StType":"ST","StDir":" ","StAddr":"5760 N 67TH ST","City":"MILWAUKEE","County":" ","State":"WI","StateAbbr":" ","ZIP":"53218","Country":"USA","LangCode":" ","Distance":0,"X":2535358.4891499998,"Y":415503.96715500002,"DisplayX":2535358.4891499998,"DisplayY":415503.96715500002,"Xmin":0,"Xmax":0,"Ymin":0,"Ymax":0,"ARC_Street":"5760 N 67th ST","ARC_City":"MILWAUKEE","ARC_State":"WI","ARC_ZIP":"53218","ADDRESS":"5760 N 67th ST","City_1":"MILWAUKEE","State_1":"WI","ZIP_1":53218,"SCH_ID":337,"SCHOOL_ID":337,"SCHOOL_NAM":"Richard Kluge","SHORT_NAM":"Kluge","SAGE":"Y","CAPACITY_1":548,"SOS_Cluste":"Northwest","ENR_9_2019":389,"ENR_9_2017":303,"ENR_9_2016":305,"CLOSED":0,"OPENED":0,"IFAS_ID":"KL","YR_RND":" ","CHOICE":0,"SCHOOL_TYP":"Public","PUBLIC_SCH":"Neighborhood","SCHOOL_CLA":"HS-5","MAPCLASS":"Public Schools","POOL":0,"NON_INSTRU":0,"VACANT":40,"CAP_ENROLL":376,"COMMENTS":"NSI use at time of analysis (severe spec ed site)","BUILDING_N":"Kluge","SIFI":0,"Trans_Type":"RG","Active_Enr":48,"Active":1,"izones":"Zone 2","Montessori":0,"WorldLangu":0,"Immersion":0}},{"type":"Feature","id":123,"geometry":{"type":"Point","coordinates":[-88.00179459504109,43.117620575969234]},"properties":{"FID":123,"Status":"M","Score":100,"Match_type":"A","Match_addr":"5496 N 72ND ST, MILWAUKEE, WI, 53218","Addr_type":"StreetAddress","AddNum":"5496","AddNumFrom":"5432","AddNumTo":"5498","Side":"R","StPreDir":"N","StPreType":" ","StName":"72ND","StType":"ST","StDir":" ","StAddr":"5496 N 72ND ST","City":"MILWAUKEE","County":" ","State":"WI","StateAbbr":" ","ZIP":"53218","Country":"USA","LangCode":" ","Distance":0,"X":2533493.5979200001,"Y":413701.06599799998,"DisplayX":2533493.5979200001,"DisplayY":413701.06599799998,"Xmin":0,"Xmax":0,"Ymin":0,"Ymax":0,"ARC_Street":"5496 N 72nd ST","ARC_City":"MILWAUKEE","ARC_State":"WI","ARC_ZIP":"53218","ADDRESS":"5496 N 72nd ST","City_1":"MILWAUKEE","State_1":"WI","ZIP_1":53218,"SCH_ID":673,"SCHOOL_ID":444,"SCHOOL_NAM":"Carmen HS of Science & Technology-NW","SHORT_NAM":"Carmen-NW","SAGE":"N","CAPACITY_1":1032,"SOS_Cluste":"Contracted","ENR_9_2019":670,"ENR_9_2017":651,"ENR_9_2016":509,"CLOSED":0,"OPENED":0,"IFAS_ID":" ","YR_RND":" ","CHOICE":0,"SCHOOL_TYP":"Contracted","PUBLIC_SCH":"Charter","SCHOOL_CLA":"6-8","MAPCLASS":"Charter Schools","POOL":0,"NON_INSTRU":0,"VACANT":0,"CAP_ENROLL":0,"COMMENTS":"Non-Instr; 7/1/14 added Gr 7 & 10","BUILDING_N":"Carmen - Northwest - Leased","SIFI":0,"Trans_Type":" ","Active_Enr":90,"Active":1,"izones":"No Zone","Montessori":0,"WorldLangu":0,"Immersion":0}},{"type":"Feature","id":124,"geometry":{"type":"Point","coordinates":[-87.99617322089756,43.107707502226802]},"properties":{"FID":124,"Status":"M","Score":100,"Match_type":"A","Match_addr":"4931 N 68TH ST, MILWAUKEE, WI, 53218","Addr_type":"StreetAddress","AddNum":"4931","AddNumFrom":"4901","AddNumTo":"5099","Side":"L","StPreDir":"N","StPreType":" ","StName":"68TH","StType":"ST","StDir":" ","StAddr":"4931 N 68TH ST","City":"MILWAUKEE","County":" ","State":"WI","StateAbbr":" ","ZIP":"53218","Country":"USA","LangCode":" ","Distance":0,"X":2535080.8592699999,"Y":410125.18001800001,"DisplayX":2535080.8592699999,"DisplayY":410125.18001800001,"Xmin":0,"Xmax":0,"Ymin":0,"Ymax":0,"ARC_Street":"4931 N 68th ST","ARC_City":"MILWAUKEE","ARC_State":"WI","ARC_ZIP":"53218","ADDRESS":"4931 N 68th ST","City_1":"MILWAUKEE","State_1":"WI","ZIP_1":53218,"SCH_ID":241,"SCHOOL_ID":241,"SCHOOL_NAM":"Lancaster","SHORT_NAM":"Lancaster","SAGE":"Y","CAPACITY_1":507,"SOS_Cluste":"Northwest","ENR_9_2019":377,"ENR_9_2017":362,"ENR_9_2016":261,"CLOSED":0,"OPENED":0,"IFAS_ID":"LA","YR_RND":" ","CHOICE":0,"SCHOOL_TYP":"Public","PUBLIC_SCH":"Neighborhood","SCHOOL_CLA":"K4-8","MAPCLASS":"Public Schools","POOL":0,"NON_INSTRU":0,"VACANT":12,"CAP_ENROLL":468,"COMMENTS":" ","BUILDING_N":"Lancaster","SIFI":2,"Trans_Type":"RG","Active_Enr":65,"Active":1,"izones":"Zone 2","Montessori":0,"WorldLangu":0,"Immersion":0}},{"type":"Feature","id":125,"geometry":{"type":"Point","coordinates":[-88.012510058911573,43.126878823554129]},"properties":{"FID":125,"Status":"M","Score":100,"Match_type":"A","Match_addr":"8135 W FLORIST AV, MILWAUKEE, WI, 53218","Addr_type":"StreetAddress","AddNum":"8135","AddNumFrom":"8001","AddNumTo":"8299","Side":"L","StPreDir":"W","StPreType":" ","StName":"FLORIST","StType":"AV","StDir":" ","StAddr":"8135 W FLORIST AV","City":"MILWAUKEE","County":" ","State":"WI","StateAbbr":" ","ZIP":"53218","Country":"USA","LangCode":" ","Distance":0,"X":2530553.0180600001,"Y":417006.02553699998,"DisplayX":2530553.0180600001,"DisplayY":417006.02553699998,"Xmin":0,"Xmax":0,"Ymin":0,"Ymax":0,"ARC_Street":"8135 W FLORIST AV","ARC_City":"MILWAUKEE","ARC_State":"WI","ARC_ZIP":"53218","ADDRESS":"8135 W FLORIST AV","City_1":"MILWAUKEE","State_1":"WI","ZIP_1":53218,"SCH_ID":69,"SCHOOL_ID":409,"SCHOOL_NAM":"James Madison Academic HS","SHORT_NAM":"Madison","SAGE":"N","CAPACITY_1":1680,"SOS_Cluste":"High School","ENR_9_2019":659,"ENR_9_2017":837,"ENR_9_2016":744,"CLOSED":0,"OPENED":0,"IFAS_ID":"MA","YR_RND":" ","CHOICE":0,"SCHOOL_TYP":"Public","PUBLIC_SCH":"Neighborhood","SCHOOL_CLA":"9-12","MAPCLASS":"Public Schools","POOL":0,"NON_INSTRU":0,"VACANT":47,"CAP_ENROLL":1088,"COMMENTS":"7/1/14 Commitment Sch","BUILDING_N":"Madison","SIFI":0,"Trans_Type":"HS","Active_Enr":49,"Active":1,"izones":"Zone 7","Montessori":0,"WorldLangu":1,"Immersion":0}},{"type":"Feature","id":126,"geometry":{"type":"Point","coordinates":[-87.982710142029944,42.994264265245306]},"properties":{"FID":126,"Status":"M","Score":100,"Match_type":"A","Match_addr":"2765 S 55TH ST, MILWAUKEE, WI, 53219","Addr_type":"StreetAddress","AddNum":"2765","AddNumFrom":"2751","AddNumTo":"2799","Side":"R","StPreDir":"S","StPreType":" ","StName":"55TH","StType":"ST","StDir":" ","StAddr":"2765 S 55TH ST","City":"MILWAUKEE","County":" ","State":"WI","StateAbbr":" ","ZIP":"53219","Country":"USA","LangCode":" ","Distance":0,"X":2539675.1046500001,"Y":368878.364329,"DisplayX":2539675.1046500001,"DisplayY":368878.364329,"Xmin":0,"Xmax":0,"Ymin":0,"Ymax":0,"ARC_Street":"2765 S 55th ST","ARC_City":"MILWAUKEE","ARC_State":"WI","ARC_ZIP":"53219","ADDRESS":"2765 S 55th ST","City_1":"MILWAUKEE","State_1":"WI","ZIP_1":53219,"SCH_ID":167,"SCHOOL_ID":167,"SCHOOL_NAM":"Milw Spanish Immersion-Upper campus","SHORT_NAM":"Milw Spanish Imm-Upper","SAGE":"N","CAPACITY_1":479,"SOS_Cluste":"Southwest","ENR_9_2019":419,"ENR_9_2017":275,"ENR_9_2016":564,"CLOSED":0,"OPENED":0,"IFAS_ID":"SI","YR_RND":" ","CHOICE":0,"SCHOOL_TYP":"Public","PUBLIC_SCH":"Specialty-Immersion","SCHOOL_CLA":"K3-1","MAPCLASS":"Public Schools","POOL":0,"NON_INSTRU":0,"VACANT":-9,"CAP_ENROLL":545,"COMMENTS":" ","BUILDING_N":"Milw Spanish Imm-Upper","SIFI":0,"Trans_Type":"CW","Active_Enr":61,"Active":1,"izones":"Zone 1","Montessori":0,"WorldLangu":0,"Immersion":1}},{"type":"Feature","id":127,"geometry":{"type":"Point","coordinates":[-87.993748228115734,42.990612153972606]},"properties":{"FID":127,"Status":"M","Score":100,"Match_type":"A","Match_addr":"6500 W KINNICKINNIC RIVER PK, MILWAUKEE, WI, 53219","Addr_type":"StreetAddress","AddNum":"6500","AddNumFrom":"6500","AddNumTo":"6598","Side":"R","StPreDir":"W","StPreType":" ","StName":"KINNICKINNIC RIVER","StType":"PK","StDir":" ","StAddr":"6500 W KINNICKINNIC RIVER PK","City":"MILWAUKEE","County":" ","State":"WI","StateAbbr":" ","ZIP":"53219","Country":"USA","LangCode":" ","Distance":0,"X":2536754.9146099999,"Y":367476.466289,"DisplayX":2536754.9146099999,"DisplayY":367476.466289,"Xmin":0,"Xmax":0,"Ymin":0,"Ymax":0,"ARC_Street":"6500 W KINNICKINNIC RIVER PK","ARC_City":"MILWAUKEE","ARC_State":"WI","ARC_ZIP":"53219","ADDRESS":"6500 W KINNICKINNIC RIVER PK","City_1":"MILWAUKEE","State_1":"WI","ZIP_1":53219,"SCH_ID":155,"SCHOOL_ID":155,"SCHOOL_NAM":"Fairview","SHORT_NAM":"Fairview","SAGE":"N","CAPACITY_1":506,"SOS_Cluste":"Southwest","ENR_9_2019":660,"ENR_9_2017":637,"ENR_9_2016":643,"CLOSED":0,"OPENED":0,"IFAS_ID":"FV","YR_RND":" ","CHOICE":0,"SCHOOL_TYP":"Public","PUBLIC_SCH":"Neighborhood","SCHOOL_CLA":"K4-8","MAPCLASS":"Public Schools","POOL":0,"NON_INSTRU":0,"VACANT":-23,"CAP_ENROLL":635,"COMMENTS":"was Charter 2013; Traditional in 2014","BUILDING_N":"Fairview","SIFI":0,"Trans_Type":" ","Active_Enr":133,"Active":1,"izones":"Zone 3","Montessori":0,"WorldLangu":0,"Immersion":0}},{"type":"Feature","id":128,"geometry":{"type":"Point","coordinates":[-88.010387240313122,42.976876821456216]},"properties":{"FID":128,"Status":"M","Score":100,"Match_type":"A","Match_addr":"3727 S 78TH ST, MILWAUKEE, WI, 53220","Addr_type":"StreetAddress","AddNum":"3727","AddNumFrom":"3701","AddNumTo":"3841","Side":"R","StPreDir":"S","StPreType":" ","StName":"78TH","StType":"ST","StDir":" ","StAddr":"3727 S 78TH ST","City":"MILWAUKEE","County":" ","State":"WI","StateAbbr":" ","ZIP":"53220","Country":"USA","LangCode":" ","Distance":0,"X":2532423.8451200002,"Y":362365.27181300003,"DisplayX":2532423.8451200002,"DisplayY":362365.27181300003,"Xmin":0,"Xmax":0,"Ymin":0,"Ymax":0,"ARC_Street":"3727 S 78th ST","ARC_City":"MILWAUKEE","ARC_State":"WI","ARC_ZIP":"53220","ADDRESS":"3727 S 78th ST","City_1":"MILWAUKEE","State_1":"WI","ZIP_1":53220,"SCH_ID":316,"SCHOOL_ID":316,"SCHOOL_NAM":"Academy of Accelerated Learning","SHORT_NAM":"AAL","SAGE":"N","CAPACITY_1":506,"SOS_Cluste":"Southwest","ENR_9_2019":631,"ENR_9_2017":620,"ENR_9_2016":641,"CLOSED":0,"OPENED":0,"IFAS_ID":"AA","YR_RND":" ","CHOICE":0,"SCHOOL_TYP":"Public","PUBLIC_SCH":"Neighborhood","SCHOOL_CLA":"K4-5","MAPCLASS":"Public Schools","POOL":0,"NON_INSTRU":0,"VACANT":0,"CAP_ENROLL":616,"COMMENTS":"7/1/2009, K4-5","BUILDING_N":"AAL","SIFI":0,"Trans_Type":"RG","Active_Enr":129,"Active":1,"izones":"Zone 2","Montessori":0,"WorldLangu":1,"Immersion":0}},{"type":"Feature","id":129,"geometry":{"type":"Point","coordinates":[-87.994795611019555,42.97888773047675]},"properties":{"FID":129,"Status":"M","Score":100,"Match_type":"A","Match_addr":"6506 W WARNIMONT AV, MILWAUKEE, WI, 53220","Addr_type":"StreetAddress","AddNum":"6506","AddNumFrom":"6300","AddNumTo":"6698","Side":"R","StPreDir":"W","StPreType":" ","StName":"WARNIMONT","StType":"AV","StDir":" ","StAddr":"6506 W WARNIMONT AV","City":"MILWAUKEE","County":" ","State":"WI","StateAbbr":" ","ZIP":"53220","Country":"USA","LangCode":" ","Distance":0,"X":2536577.5118999998,"Y":363197.88916600001,"DisplayX":2536577.5118999998,"DisplayY":363197.88916600001,"Xmin":0,"Xmax":0,"Ymin":0,"Ymax":0,"ARC_Street":"6506 W WARNIMONT AV","ARC_City":"MILWAUKEE","ARC_State":"WI","ARC_ZIP":"53220","ADDRESS":"6506 W WARNIMONT AV","City_1":"MILWAUKEE","State_1":"WI","ZIP_1":53220,"SCH_ID":85,"SCHOOL_ID":204,"SCHOOL_NAM":"Wedgewood Park Int'l","SHORT_NAM":"Wedgewood MS","SAGE":"N","CAPACITY_1":860,"SOS_Cluste":"Southwest","ENR_9_2019":890,"ENR_9_2017":914,"ENR_9_2016":915,"CLOSED":0,"OPENED":0,"IFAS_ID":"BE","YR_RND":"IB","CHOICE":0,"SCHOOL_TYP":"Public","PUBLIC_SCH":"Neighborhood","SCHOOL_CLA":"6-8","MAPCLASS":"Public Schools","POOL":0,"NON_INSTRU":0,"VACANT":20,"CAP_ENROLL":716,"COMMENTS":"Other in bldg: Milw Lrng Lab & Inst","BUILDING_N":"Wedgewood Park","SIFI":0,"Trans_Type":"MS","Active_Enr":108,"Active":1,"izones":"Zone 6","Montessori":0,"WorldLangu":1,"Immersion":0}},{"type":"Feature","id":130,"geometry":{"type":"Point","coordinates":[-87.996611151739287,42.980206993623817]},"properties":{"FID":130,"Status":"M","Score":100,"Match_type":"A","Match_addr":"6701 W EDEN PL, MILWAUKEE, WI, 53220","Addr_type":"StreetAddress","AddNum":"6701","AddNumFrom":"6601","AddNumTo":"6799","Side":"L","StPreDir":"W","StPreType":" ","StName":"EDEN","StType":"PL","StDir":" ","StAddr":"6701 W EDEN PL","City":"MILWAUKEE","County":" ","State":"WI","StateAbbr":" ","ZIP":"53220","Country":"USA","LangCode":" ","Distance":0,"X":2536080.2595600002,"Y":363666.89108700003,"DisplayX":2536080.2595600002,"DisplayY":363666.89108700003,"Xmin":0,"Xmax":0,"Ymin":0,"Ymax":0,"ARC_Street":"6701 W EDEN PL","ARC_City":"MILWAUKEE","ARC_State":"WI","ARC_ZIP":"53220","ADDRESS":"6701 W EDEN PL","City_1":"MILWAUKEE","State_1":"WI","ZIP_1":53220,"SCH_ID":334,"SCHOOL_ID":334,"SCHOOL_NAM":"Honey Creek","SHORT_NAM":"Honey Creek","SAGE":"N","CAPACITY_1":280,"SOS_Cluste":"Southwest","ENR_9_2019":411,"ENR_9_2017":403,"ENR_9_2016":388,"CLOSED":0,"OPENED":0,"IFAS_ID":"HC","YR_RND":" ","CHOICE":0,"SCHOOL_TYP":"Public","PUBLIC_SCH":"Neighborhood","SCHOOL_CLA":"K4-5","MAPCLASS":"Charter Schools","POOL":0,"NON_INSTRU":0,"VACANT":-16,"CAP_ENROLL":371,"COMMENTS":" ","BUILDING_N":"Honey Creek","SIFI":0,"Trans_Type":"CH","Active_Enr":144,"Active":1,"izones":"Zone 1","Montessori":0,"WorldLangu":0,"Immersion":0}},{"type":"Feature","id":131,"geometry":{"type":"Point","coordinates":[-87.990778265009396,42.979163713379421]},"properties":{"FID":131,"Status":"M","Score":100,"Match_type":"A","Match_addr":"6215 W WARNIMONT AV, MILWAUKEE, WI, 53220","Addr_type":"StreetAddress","AddNum":"6215","AddNumFrom":"6201","AddNumTo":"6299","Side":"L","StPreDir":"W","StPreType":" ","StName":"WARNIMONT","StType":"AV","StDir":" ","StAddr":"6215 W WARNIMONT AV","City":"MILWAUKEE","County":" ","State":"WI","StateAbbr":" ","ZIP":"53220","Country":"USA","LangCode":" ","Distance":0,"X":2537649.8262399998,"Y":363324.31940099999,"DisplayX":2537649.8262399998,"DisplayY":363324.31940099999,"Xmin":0,"Xmax":0,"Ymin":0,"Ymax":0,"ARC_Street":"6215 W WARNIMONT AV","ARC_City":"MILWAUKEE","ARC_State":"WI","ARC_ZIP":"53220","ADDRESS":"6215 W WARNIMONT AV","City_1":"MILWAUKEE","State_1":"WI","ZIP_1":53220,"SCH_ID":18,"SCHOOL_ID":18,"SCHOOL_NAM":"Alexander Hamilton","SHORT_NAM":"Hamilton","SAGE":"N","CAPACITY_1":1690,"SOS_Cluste":"High School","ENR_9_2019":1476,"ENR_9_2017":1600,"ENR_9_2016":1757,"CLOSED":0,"OPENED":0,"IFAS_ID":"HA","YR_RND":" ","CHOICE":0,"SCHOOL_TYP":"Public","PUBLIC_SCH":"Neighborhood","SCHOOL_CLA":"9-12","MAPCLASS":"Public Schools","POOL":0,"NON_INSTRU":0,"VACANT":-13,"CAP_ENROLL":1939,"COMMENTS":" ","BUILDING_N":"Hamilton","SIFI":3,"Trans_Type":"HS","Active_Enr":96,"Active":1,"izones":"Zone 7","Montessori":0,"WorldLangu":1,"Immersion":0}},{"type":"Feature","id":132,"geometry":{"type":"Point","coordinates":[-87.982599254615991,42.968490092343771]},"properties":{"FID":132,"Status":"M","Score":100,"Match_type":"A","Match_addr":"4200 S 54TH ST, MILWAUKEE, WI, 53220","Addr_type":"StreetAddress","AddNum":"4200","AddNumFrom":"4100","AddNumTo":"4298","Side":"L","StPreDir":"S","StPreType":" ","StName":"54TH","StType":"ST","StDir":" ","StAddr":"4200 S 54TH ST","City":"MILWAUKEE","County":" ","State":"WI","StateAbbr":" ","ZIP":"53220","Country":"USA","LangCode":" ","Distance":0,"X":2539932.0011,"Y":359488.20077499998,"DisplayX":2539932.0011,"DisplayY":359488.20077499998,"Xmin":0,"Xmax":0,"Ymin":0,"Ymax":0,"ARC_Street":"4200 S 54th ST","ARC_City":"MILWAUKEE","ARC_State":"WI","ARC_ZIP":"53220","ADDRESS":"4200 S 54th ST","City_1":"MILWAUKEE","State_1":"WI","ZIP_1":53220,"SCH_ID":397,"SCHOOL_ID":397,"SCHOOL_NAM":"Walt Whitman","SHORT_NAM":"Whitman","SAGE":"N","CAPACITY_1":398,"SOS_Cluste":"Southwest","ENR_9_2019":417,"ENR_9_2017":425,"ENR_9_2016":378,"CLOSED":0,"OPENED":0,"IFAS_ID":"WM","YR_RND":" ","CHOICE":0,"SCHOOL_TYP":"Public","PUBLIC_SCH":"Neighborhood","SCHOOL_CLA":"K4-8","MAPCLASS":"Public Schools","POOL":0,"NON_INSTRU":0,"VACANT":29,"CAP_ENROLL":311,"COMMENTS":"7/1/14 added Gr 7","BUILDING_N":"Whitman","SIFI":0,"Trans_Type":"RG","Active_Enr":107,"Active":1,"izones":"Zone 2","Montessori":0,"WorldLangu":0,"Immersion":0}},{"type":"Feature","id":133,"geometry":{"type":"Point","coordinates":[-87.931129802074253,42.93941741200274]},"properties":{"FID":133,"Status":"M","Score":100,"Match_type":"A","Match_addr":"1420 W GOLDCREST AV, MILWAUKEE, WI, 53221","Addr_type":"StreetAddress","AddNum":"1420","AddNumFrom":"1400","AddNumTo":"1598","Side":"R","StPreDir":"W","StPreType":" ","StName":"GOLDCREST","StType":"AV","StDir":" ","StAddr":"1420 W GOLDCREST AV","City":"MILWAUKEE","County":" ","State":"WI","StateAbbr":" ","ZIP":"53221","Country":"USA","LangCode":" ","Distance":0,"X":2553966.38411,"Y":349233.16710199998,"DisplayX":2553966.38411,"DisplayY":349233.16710199998,"Xmin":0,"Xmax":0,"Ymin":0,"Ymax":0,"ARC_Street":"1420 W GOLDCREST AV","ARC_City":"MILWAUKEE","ARC_State":"WI","ARC_ZIP":"53221","ADDRESS":"1420 W GOLDCREST AV","City_1":"MILWAUKEE","State_1":"WI","ZIP_1":53221,"SCH_ID":224,"SCHOOL_ID":165,"SCHOOL_NAM":"I.D.E.A.L.","SHORT_NAM":"IDEAL","SAGE":"N","CAPACITY_1":199,"SOS_Cluste":"East","ENR_9_2019":284,"ENR_9_2017":324,"ENR_9_2016":288,"CLOSED":0,"OPENED":0,"IFAS_ID":"ID","YR_RND":" ","CHOICE":0,"SCHOOL_TYP":"Public","PUBLIC_SCH":"Charter","SCHOOL_CLA":"K4-8","MAPCLASS":"Charter Schools","POOL":0,"NON_INSTRU":0,"VACANT":0,"CAP_ENROLL":0,"COMMENTS":"Old addr:  4965 S 20th St (moved 7/1/13)","BUILDING_N":"IDEAL","SIFI":0,"Trans_Type":"CH","Active_Enr":188,"Active":1,"izones":"Zone 2","Montessori":0,"WorldLangu":0,"Immersion":0}},{"type":"Feature","id":134,"geometry":{"type":"Point","coordinates":[-87.943429398421344,42.936345349669665]},"properties":{"FID":134,"Status":"M","Score":100,"Match_type":"A","Match_addr":"2222 W HENRY AV, MILWAUKEE, WI, 53221","Addr_type":"StreetAddress","AddNum":"2222","AddNumFrom":"2200","AddNumTo":"2298","Side":"R","StPreDir":"W","StPreType":" ","StName":"HENRY","StType":"AV","StDir":" ","StAddr":"2222 W HENRY AV","City":"MILWAUKEE","County":" ","State":"WI","StateAbbr":" ","ZIP":"53221","Country":"USA","LangCode":" ","Distance":0,"X":2550701.4859600002,"Y":348032.40667699999,"DisplayX":2550701.4859600002,"DisplayY":348032.40667699999,"Xmin":0,"Xmax":0,"Ymin":0,"Ymax":0,"ARC_Street":"2222 W HENRY AV","ARC_City":"MILWAUKEE","ARC_State":"WI","ARC_ZIP":"53221","ADDRESS":"2222 W HENRY AV","City_1":"MILWAUKEE","State_1":"WI","ZIP_1":53221,"SCH_ID":387,"SCHOOL_ID":387,"SCHOOL_NAM":"Victory GT","SHORT_NAM":"Victory","SAGE":"Y","CAPACITY_1":506,"SOS_Cluste":"East","ENR_9_2019":568,"ENR_9_2017":551,"ENR_9_2016":545,"CLOSED":0,"OPENED":0,"IFAS_ID":"VC","YR_RND":" ","CHOICE":0,"SCHOOL_TYP":"Public","PUBLIC_SCH":"Specialty-GT","SCHOOL_CLA":"K4-8","MAPCLASS":"Public Schools","POOL":0,"NON_INSTRU":0,"VACANT":12,"CAP_ENROLL":601,"COMMENTS":"Growing Italian Immersion program.","BUILDING_N":"Victory/ Milw Italian Imm","SIFI":0,"Trans_Type":"NS","Active_Enr":116,"Active":1,"izones":"Zone 1","Montessori":0,"WorldLangu":0,"Immersion":1}},{"type":"Feature","id":135,"geometry":{"type":"Point","coordinates":[-87.953950226990742,42.939841483772589]},"properties":{"FID":135,"Status":"M","Score":100,"Match_type":"A","Match_addr":"3120 W GREEN AV, MILWAUKEE, WI, 53221","Addr_type":"StreetAddress","AddNum":"3120","AddNumFrom":"3100","AddNumTo":"3198","Side":"R","StPreDir":"W","StPreType":" ","StName":"GREEN","StType":"AV","StDir":" ","StAddr":"3120 W GREEN AV","City":"MILWAUKEE","County":" ","State":"WI","StateAbbr":" ","ZIP":"53221","Country":"USA","LangCode":" ","Distance":0,"X":2547853.72762,"Y":349236.91940499999,"DisplayX":2547853.72762,"DisplayY":349236.91940499999,"Xmin":0,"Xmax":0,"Ymin":0,"Ymax":0,"ARC_Street":"3120 W GREEN AV","ARC_City":"MILWAUKEE","ARC_State":"WI","ARC_ZIP":"53221","ADDRESS":"3120 W GREEN AV","City_1":"MILWAUKEE","State_1":"WI","ZIP_1":53221,"SCH_ID":191,"SCHOOL_ID":191,"SCHOOL_NAM":"Hamlin Garland","SHORT_NAM":"Garland","SAGE":"N","CAPACITY_1":678,"SOS_Cluste":"East","ENR_9_2019":594,"ENR_9_2017":574,"ENR_9_2016":506,"CLOSED":0,"OPENED":0,"IFAS_ID":"GL","YR_RND":" ","CHOICE":0,"SCHOOL_TYP":"Public","PUBLIC_SCH":"Neighborhood","SCHOOL_CLA":"K4-8","MAPCLASS":"Public Schools","POOL":0,"NON_INSTRU":0,"VACANT":6,"CAP_ENROLL":312,"COMMENTS":"7/1/14 added Gr 8","BUILDING_N":"Garland","SIFI":0,"Trans_Type":"RG","Active_Enr":87,"Active":1,"izones":"Zone 1","Montessori":0,"WorldLangu":0,"Immersion":0}},{"type":"Feature","id":136,"geometry":{"type":"Point","coordinates":[-87.935127293570631,42.978735096897644]},"properties":{"FID":136,"Status":"M","Score":100,"Match_type":"A","Match_addr":"3635 S 17TH ST, MILWAUKEE, WI, 53221","Addr_type":"StreetAddress","AddNum":"3635","AddNumFrom":"3501","AddNumTo":"3699","Side":"R","StPreDir":"S","StPreType":" ","StName":"17TH","StType":"ST","StDir":" ","StAddr":"3635 S 17TH ST","City":"MILWAUKEE","County":" ","State":"WI","StateAbbr":" ","ZIP":"53221","Country":"USA","LangCode":" ","Distance":0,"X":2552541.4865700002,"Y":363531.915874,"DisplayX":2552541.4865700002,"DisplayY":363531.915874,"Xmin":0,"Xmax":0,"Ymin":0,"Ymax":0,"ARC_Street":"3635 S 17th ST","ARC_City":"MILWAUKEE","ARC_State":"WI","ARC_ZIP":"53221","ADDRESS":"3635 S 17th ST","City_1":"MILWAUKEE","State_1":"WI","ZIP_1":53221,"SCH_ID":277,"SCHOOL_ID":277,"SCHOOL_NAM":"Morgandale","SHORT_NAM":"Morgandale","SAGE":"N","CAPACITY_1":452,"SOS_Cluste":"Southwest","ENR_9_2019":589,"ENR_9_2017":589,"ENR_9_2016":567,"CLOSED":0,"OPENED":0,"IFAS_ID":"MG","YR_RND":" ","CHOICE":0,"SCHOOL_TYP":"Public","PUBLIC_SCH":"Neighborhood","SCHOOL_CLA":"K4-8","MAPCLASS":"Public Schools","POOL":0,"NON_INSTRU":0,"VACANT":17,"CAP_ENROLL":577,"COMMENTS":"Added 6th grade","BUILDING_N":"Morgandale","SIFI":0,"Trans_Type":"NS","Active_Enr":138,"Active":1,"izones":"Zone 1","Montessori":0,"WorldLangu":1,"Immersion":0}},{"type":"Feature","id":137,"geometry":{"type":"Point","coordinates":[-87.939046797656346,42.954432370417621]},"properties":{"FID":137,"Status":"M","Score":100,"Match_type":"A","Match_addr":"4965 S 20TH ST, MILWAUKEE, WI, 53221","Addr_type":"StreetAddress","AddNum":"4965","AddNumFrom":"4941","AddNumTo":"4999","Side":"R","StPreDir":"S","StPreType":" ","StName":"20TH","StType":"ST","StDir":" ","StAddr":"4965 S 20TH ST","City":"MILWAUKEE","County":" ","State":"WI","StateAbbr":" ","ZIP":"53221","Country":"USA","LangCode":" ","Distance":0,"X":2551711.8287900002,"Y":354651.333675,"DisplayX":2551711.8287900002,"DisplayY":354651.333675,"Xmin":0,"Xmax":0,"Ymin":0,"Ymax":0,"ARC_Street":"4965 S 20th ST","ARC_City":"MILWAUKEE","ARC_State":"WI","ARC_ZIP":"53221","ADDRESS":"4965 S 20th ST","City_1":"MILWAUKEE","State_1":"WI","ZIP_1":53221,"SCH_ID":7,"SCHOOL_ID":435,"SCHOOL_NAM":"Ronald Wilson Reagan","SHORT_NAM":"Reagan","SAGE":"N","CAPACITY_1":931,"SOS_Cluste":"High School","ENR_9_2019":1342,"ENR_9_2017":1334,"ENR_9_2016":1311,"CLOSED":0,"OPENED":0,"IFAS_ID":"TL","YR_RND":" ","CHOICE":0,"SCHOOL_TYP":"Public","PUBLIC_SCH":"Specialty-IB","SCHOOL_CLA":"9-12","MAPCLASS":"Public Schools","POOL":0,"NON_INSTRU":0,"VACANT":-1,"CAP_ENROLL":1310,"COMMENTS":"Other in bldg: Reagon HS, IDEAL","BUILDING_N":"Reagan","SIFI":0,"Trans_Type":"CW","Active_Enr":149,"Active":1,"izones":"Zone 6","Montessori":0,"WorldLangu":1,"Immersion":0}},{"type":"Feature","id":138,"geometry":{"type":"Point","coordinates":[-87.940349094891516,42.951341871620613]},"properties":{"FID":138,"Status":"M","Score":100,"Match_type":"A","Match_addr":"5143 S 21ST ST, MILWAUKEE, WI, 53221","Addr_type":"StreetAddress","AddNum":"5143","AddNumFrom":"5101","AddNumTo":"5199","Side":"R","StPreDir":"S","StPreType":" ","StName":"21ST","StType":"ST","StDir":" ","StAddr":"5143 S 21ST ST","City":"MILWAUKEE","County":" ","State":"WI","StateAbbr":" ","ZIP":"53221","Country":"USA","LangCode":" ","Distance":0,"X":2551391.1168499999,"Y":353516.70529100002,"DisplayX":2551391.1168499999,"DisplayY":353516.70529100002,"Xmin":0,"Xmax":0,"Ymin":0,"Ymax":0,"ARC_Street":"5143 S 21st ST","ARC_City":"MILWAUKEE","ARC_State":"WI","ARC_ZIP":"53221","ADDRESS":"5143 S 21st ST","City_1":"MILWAUKEE","State_1":"WI","ZIP_1":53221,"SCH_ID":117,"SCHOOL_ID":117,"SCHOOL_NAM":"James Fenimore Cooper","SHORT_NAM":"Cooper","SAGE":"N","CAPACITY_1":334,"SOS_Cluste":"East","ENR_9_2019":473,"ENR_9_2017":444,"ENR_9_2016":418,"CLOSED":0,"OPENED":0,"IFAS_ID":"CP","YR_RND":" ","CHOICE":0,"SCHOOL_TYP":"Public","PUBLIC_SCH":"Neighborhood","SCHOOL_CLA":"K4-8","MAPCLASS":"Public Schools","POOL":0,"NON_INSTRU":0,"VACANT":3,"CAP_ENROLL":428,"COMMENTS":"7/1/2009, K4-8","BUILDING_N":"Cooper","SIFI":0,"Trans_Type":"RG","Active_Enr":144,"Active":1,"izones":"Zone 3","Montessori":0,"WorldLangu":0,"Immersion":0}},{"type":"Feature","id":139,"geometry":{"type":"Point","coordinates":[-88.013596425986719,43.072817042169952]},"properties":{"FID":139,"Status":"M","Score":100,"Match_type":"A","Match_addr":"2964 N 81ST ST, MILWAUKEE, WI, 53222","Addr_type":"StreetAddress","AddNum":"2964","AddNumFrom":"2900","AddNumTo":"2998","Side":"R","StPreDir":"N","StPreType":" ","StName":"81ST","StType":"ST","StDir":" ","StAddr":"2964 N 81ST ST","City":"MILWAUKEE","County":" ","State":"WI","StateAbbr":" ","ZIP":"53222","Country":"USA","LangCode":" ","Distance":0,"X":2530732.4085400002,"Y":397301.24607499997,"DisplayX":2530732.4085400002,"DisplayY":397301.24607499997,"Xmin":0,"Xmax":0,"Ymin":0,"Ymax":0,"ARC_Street":"2964 N 81st ST","ARC_City":"MILWAUKEE","ARC_State":"WI","ARC_ZIP":"53222","ADDRESS":"2964 N 81st ST","City_1":"MILWAUKEE","State_1":"WI","ZIP_1":53222,"SCH_ID":143,"SCHOOL_ID":143,"SCHOOL_NAM":"Eighty-First St","SHORT_NAM":"Eighty-First St","SAGE":"Y","CAPACITY_1":265,"SOS_Cluste":"Northwest","ENR_9_2019":369,"ENR_9_2017":338,"ENR_9_2016":329,"CLOSED":0,"OPENED":0,"IFAS_ID":"81","YR_RND":" ","CHOICE":0,"SCHOOL_TYP":"Public","PUBLIC_SCH":"Neighborhood","SCHOOL_CLA":"K3-5","MAPCLASS":"Public Schools","POOL":0,"NON_INSTRU":0,"VACANT":21,"CAP_ENROLL":308,"COMMENTS":" ","BUILDING_N":"Eighty-First","SIFI":0,"Trans_Type":"RG","Active_Enr":106,"Active":1,"izones":"Zone 2","Montessori":0,"WorldLangu":0,"Immersion":0}},{"type":"Feature","id":140,"geometry":{"type":"Point","coordinates":[-88.029903362778398,43.084499622456505]},"properties":{"FID":140,"Status":"M","Score":100,"Match_type":"A","Match_addr":"3707 N 94TH ST, MILWAUKEE, WI, 53222","Addr_type":"StreetAddress","AddNum":"3707","AddNumFrom":"3501","AddNumTo":"3731","Side":"L","StPreDir":"N","StPreType":" ","StName":"94TH","StType":"ST","StDir":" ","StAddr":"3707 N 94TH ST","City":"MILWAUKEE","County":" ","State":"WI","StateAbbr":" ","ZIP":"53222","Country":"USA","LangCode":" ","Distance":0,"X":2526275.9768400001,"Y":401454.550131,"DisplayX":2526275.9768400001,"DisplayY":401454.550131,"Xmin":0,"Xmax":0,"Ymin":0,"Ymax":0,"ARC_Street":"3707 N 94th ST","ARC_City":"MILWAUKEE","ARC_State":"WI","ARC_ZIP":"53222","ADDRESS":"3707 N 94th ST","City_1":"MILWAUKEE","State_1":"WI","ZIP_1":53222,"SCH_ID":289,"SCHOOL_ID":289,"SCHOOL_NAM":"Ninety-Fifth St","SHORT_NAM":"Ninety-Fifth St","SAGE":"N","CAPACITY_1":280,"SOS_Cluste":"Northwest","ENR_9_2019":437,"ENR_9_2017":409,"ENR_9_2016":392,"CLOSED":0,"OPENED":0,"IFAS_ID":"95","YR_RND":" ","CHOICE":0,"SCHOOL_TYP":"Public","PUBLIC_SCH":"Neighborhood","SCHOOL_CLA":"K4-5","MAPCLASS":"Public Schools","POOL":0,"NON_INSTRU":0,"VACANT":-18,"CAP_ENROLL":386,"COMMENTS":" ","BUILDING_N":"Ninety-Fifth","SIFI":0,"Trans_Type":"RG","Active_Enr":161,"Active":1,"izones":"Zone 2","Montessori":0,"WorldLangu":0,"Immersion":0}},{"type":"Feature","id":141,"geometry":{"type":"Point","coordinates":[-87.938874026250915,42.965352963899889]},"properties":{"FID":141,"Status":"M","Score":100,"Match_type":"A","Match_addr":"4360 S 20TH ST, MILWAUKEE, WI, 53221","Addr_type":"StreetAddress","AddNum":"4360","AddNumFrom":"4340","AddNumTo":"4472","Side":"L","StPreDir":"S","StPreType":" ","StName":"20TH","StType":"ST","StDir":" ","StAddr":"4360 S 20TH ST","City":"MILWAUKEE","County":" ","State":"WI","StateAbbr":" ","ZIP":"53221","Country":"USA","LangCode":" ","Distance":0,"X":2551659.6990200002,"Y":358631.36602700001,"DisplayX":2551659.6990200002,"DisplayY":358631.36602700001,"Xmin":0,"Xmax":0,"Ymin":0,"Ymax":0,"ARC_Street":"4360 S 20th ST","ARC_City":"MILWAUKEE","ARC_State":"WI","ARC_ZIP":"53221","ADDRESS":"4360 S 20th ST","City_1":"MILWAUKEE","State_1":"WI","ZIP_1":53221,"SCH_ID":257,"SCHOOL_ID":257,"SCHOOL_NAM":"Lowell","SHORT_NAM":"Lowell","SAGE":"Y","CAPACITY_1":172,"SOS_Cluste":"Southwest","ENR_9_2019":226,"ENR_9_2017":256,"ENR_9_2016":249,"CLOSED":0,"OPENED":0,"IFAS_ID":"LW","YR_RND":" ","CHOICE":0,"SCHOOL_TYP":"Public","PUBLIC_SCH":"Neighborhood","SCHOOL_CLA":"K4-5","MAPCLASS":"Public Schools","POOL":0,"NON_INSTRU":0,"VACANT":21,"CAP_ENROLL":239,"COMMENTS":" ","BUILDING_N":"Lowell","SIFI":0,"Trans_Type":"RG","Active_Enr":179,"Active":1,"izones":"Zone 2","Montessori":0,"WorldLangu":1,"Immersion":0}},{"type":"Feature","id":142,"geometry":{"type":"Point","coordinates":[-88.014969177210986,43.085812406241487]},"properties":{"FID":142,"Status":"M","Score":100,"Match_type":"A","Match_addr":"3778 N 82ND ST, MILWAUKEE, WI, 53222","Addr_type":"StreetAddress","AddNum":"3778","AddNumFrom":"3700","AddNumTo":"3798","Side":"R","StPreDir":"N","StPreType":" ","StName":"82ND","StType":"ST","StDir":" ","StAddr":"3778 N 82ND ST","City":"MILWAUKEE","County":" ","State":"WI","StateAbbr":" ","ZIP":"53222","Country":"USA","LangCode":" ","Distance":0,"X":2530252.9883500002,"Y":402027.47786400001,"DisplayX":2530252.9883500002,"DisplayY":402027.47786400001,"Xmin":0,"Xmax":0,"Ymin":0,"Ymax":0,"ARC_Street":"3778 N 82nd ST","ARC_City":"MILWAUKEE","ARC_State":"WI","ARC_ZIP":"53222","ADDRESS":"3778 N 82nd ST","City_1":"MILWAUKEE","State_1":"WI","ZIP_1":53222,"SCH_ID":146,"SCHOOL_ID":146,"SCHOOL_NAM":"Milw German Immersion","SHORT_NAM":"Milw German Imm","SAGE":"N","CAPACITY_1":506,"SOS_Cluste":"Northwest","ENR_9_2019":594,"ENR_9_2017":609,"ENR_9_2016":619,"CLOSED":0,"OPENED":0,"IFAS_ID":"GI","YR_RND":" ","CHOICE":0,"SCHOOL_TYP":"Public","PUBLIC_SCH":"Specialty-Immersion","SCHOOL_CLA":"K4-5","MAPCLASS":"Public Schools","POOL":0,"NON_INSTRU":0,"VACANT":-18,"CAP_ENROLL":608,"COMMENTS":" ","BUILDING_N":"Milw German Immersion","SIFI":0,"Trans_Type":"CW","Active_Enr":120,"Active":1,"izones":"Zone 1","Montessori":0,"WorldLangu":0,"Immersion":1}},{"type":"Feature","id":143,"geometry":{"type":"Point","coordinates":[-88.013577398475221,43.143083612737165]},"properties":{"FID":143,"Status":"M","Score":100,"Match_type":"A","Match_addr":"8200 W DENVER AV, MILWAUKEE, WI, 53223","Addr_type":"StreetAddress","AddNum":"8200","AddNumFrom":"8102","AddNumTo":"8438","Side":"R","StPreDir":"W","StPreType":" ","StName":"DENVER","StType":"AV","StDir":" ","StAddr":"8200 W DENVER AV","City":"MILWAUKEE","County":" ","State":"WI","StateAbbr":" ","ZIP":"53223","Country":"USA","LangCode":" ","Distance":0,"X":2530127.4890299998,"Y":422903.60803300003,"DisplayX":2530127.4890299998,"DisplayY":422903.60803300003,"Xmin":0,"Xmax":0,"Ymin":0,"Ymax":0,"ARC_Street":"8200 W DENVER AV","ARC_City":"MILWAUKEE","ARC_State":"WI","ARC_ZIP":"53223","ADDRESS":"8200 W DENVER AV","City_1":"MILWAUKEE","State_1":"WI","ZIP_1":53223,"SCH_ID":0,"SCHOOL_ID":880,"SCHOOL_NAM":"HAPA Denver Campus","SHORT_NAM":"HAPA Denver Campus","SAGE":"N","CAPACITY_1":0,"SOS_Cluste":"Contracted","ENR_9_2019":421,"ENR_9_2017":0,"ENR_9_2016":0,"CLOSED":0,"OPENED":0,"IFAS_ID":" ","YR_RND":" ","CHOICE":0,"SCHOOL_TYP":"Contracted","PUBLIC_SCH":"Charter","SCHOOL_CLA":"3-5","MAPCLASS":"Charter Schools","POOL":0,"NON_INSTRU":0,"VACANT":0,"CAP_ENROLL":0,"COMMENTS":" ","BUILDING_N":" ","SIFI":0,"Trans_Type":" ","Active_Enr":0,"Active":1,"izones":" ","Montessori":0,"WorldLangu":0,"Immersion":0}},{"type":"Feature","id":144,"geometry":{"type":"Point","coordinates":[-87.978011502249373,43.141954310070339]},"properties":{"FID":144,"Status":"M","Score":100,"Match_type":"A","Match_addr":"6850 N 53RD ST, MILWAUKEE, WI, 53223","Addr_type":"StreetAddress","AddNum":"6850","AddNumFrom":"6800","AddNumTo":"6998","Side":"R","StPreDir":"N","StPreType":" ","StName":"53RD","StType":"ST","StDir":" ","StAddr":"6850 N 53RD ST","City":"MILWAUKEE","County":" ","State":"WI","StateAbbr":" ","ZIP":"53223","Country":"USA","LangCode":" ","Distance":0,"X":2539626.7027699999,"Y":422720.25605000003,"DisplayX":2539626.7027699999,"DisplayY":422720.25605000003,"Xmin":0,"Xmax":0,"Ymin":0,"Ymax":0,"ARC_Street":"6850 N 53rd ST","ARC_City":"MILWAUKEE","ARC_State":"WI","ARC_ZIP":"53223","ADDRESS":"6850 N 53rd ST","City_1":"MILWAUKEE","State_1":"WI","ZIP_1":53223,"SCH_ID":616,"SCHOOL_ID":454,"SCHOOL_NAM":"Green Tree Preparatory","SHORT_NAM":"Green Tree Preparatory","SAGE":"N","CAPACITY_1":931,"SOS_Cluste":"High School","ENR_9_2019":212,"ENR_9_2017":107,"ENR_9_2016":618,"CLOSED":0,"OPENED":0,"IFAS_ID":" ","YR_RND":" ","CHOICE":0,"SCHOOL_TYP":"Public","PUBLIC_SCH":"Charter","SCHOOL_CLA":"6-10","MAPCLASS":"Public Schools","POOL":0,"NON_INSTRU":0,"VACANT":0,"CAP_ENROLL":0,"COMMENTS":"Non-Instr","BUILDING_N":"Webster","SIFI":0,"Trans_Type":" ","Active_Enr":10,"Active":1,"izones":"Zone 6","Montessori":0,"WorldLangu":1,"Immersion":0}},{"type":"Feature","id":145,"geometry":{"type":"Point","coordinates":[-88.010491831403684,43.139835690775634]},"properties":{"FID":145,"Status":"M","Score":100,"Match_type":"A","Match_addr":"6700 N 80TH ST, MILWAUKEE, WI, 53223","Addr_type":"StreetAddress","AddNum":"6700","AddNumFrom":"6652","AddNumTo":"6740","Side":"R","StPreDir":"N","StPreType":" ","StName":"80TH","StType":"ST","StDir":" ","StAddr":"6700 N 80TH ST","City":"MILWAUKEE","County":" ","State":"WI","StateAbbr":" ","ZIP":"53223","Country":"USA","LangCode":" ","Distance":0,"X":2530978.9841200002,"Y":421739.82671699999,"DisplayX":2530978.9841200002,"DisplayY":421739.82671699999,"Xmin":0,"Xmax":0,"Ymin":0,"Ymax":0,"ARC_Street":"6700 N 80th ST","ARC_City":"MILWAUKEE","ARC_State":"WI","ARC_ZIP":"53223","ADDRESS":"6700 N 80th ST","City_1":"MILWAUKEE","State_1":"WI","ZIP_1":53223,"SCH_ID":4,"SCHOOL_ID":416,"SCHOOL_NAM":"Community","SHORT_NAM":"Community","SAGE":"N","CAPACITY_1":972,"SOS_Cluste":"High School","ENR_9_2019":0,"ENR_9_2017":0,"ENR_9_2016":251,"CLOSED":0,"OPENED":0,"IFAS_ID":"CQ","YR_RND":"Y","CHOICE":0,"SCHOOL_TYP":"Public","PUBLIC_SCH":"Charter","SCHOOL_CLA":"9-12","MAPCLASS":"Charter Schools","POOL":0,"NON_INSTRU":0,"VACANT":0,"CAP_ENROLL":538,"COMMENTS":"Other in bldg: Community HS, WORK INST","BUILDING_N":"Juneau","SIFI":0,"Trans_Type":"CH","Active_Enr":0,"Active":0,"izones":"No Zone","Montessori":0,"WorldLangu":0,"Immersion":0}},{"type":"Feature","id":146,"geometry":{"type":"Point","coordinates":[-88.01755289184733,43.075285868618188]},"properties":{"FID":146,"Status":"M","Score":100,"Match_type":"A","Match_addr":"8400 W BURLEIGH ST, MILWAUKEE, WI, 53222","Addr_type":"StreetAddress","AddNum":"8400","AddNumFrom":"8400","AddNumTo":"8498","Side":"R","StPreDir":"W","StPreType":" ","StName":"BURLEIGH","StType":"ST","StDir":" ","StAddr":"8400 W BURLEIGH ST","City":"MILWAUKEE","County":" ","State":"WI","StateAbbr":" ","ZIP":"53222","Country":"USA","LangCode":" ","Distance":0,"X":2529654.18469,"Y":398175.62825100002,"DisplayX":2529654.18469,"DisplayY":398175.62825100002,"Xmin":0,"Xmax":0,"Ymin":0,"Ymax":0,"ARC_Street":"8400 W BURLEIGH ST","ARC_City":"MILWAUKEE","ARC_State":"WI","ARC_ZIP":"53222","ADDRESS":"8400 W BURLEIGH ST","City_1":"MILWAUKEE","State_1":"WI","ZIP_1":53222,"SCH_ID":71,"SCHOOL_ID":71,"SCHOOL_NAM":"Milw Sch of Languages","SHORT_NAM":"Milw Sch of Lang","SAGE":"N","CAPACITY_1":1073,"SOS_Cluste":"High School","ENR_9_2019":1143,"ENR_9_2017":1172,"ENR_9_2016":1204,"CLOSED":0,"OPENED":0,"IFAS_ID":"ML","YR_RND":" ","CHOICE":0,"SCHOOL_TYP":"Public","PUBLIC_SCH":"Specialty-Immersion","SCHOOL_CLA":"6-12","MAPCLASS":"Public Schools","POOL":0,"NON_INSTRU":0,"VACANT":-51,"CAP_ENROLL":1101,"COMMENTS":"Capacity does not reflect HS Addition. New capacity will be 1100.","BUILDING_N":"Milw School of Languages","SIFI":0,"Trans_Type":"CW","Active_Enr":114,"Active":1,"izones":"Zone 6","Montessori":0,"WorldLangu":1,"Immersion":0}},{"type":"Feature","id":147,"geometry":{"type":"Point","coordinates":[-88.010491831403684,43.139835690775634]},"properties":{"FID":147,"Status":"M","Score":100,"Match_type":"A","Match_addr":"6700 N 80TH ST, MILWAUKEE, WI, 53223","Addr_type":"StreetAddress","AddNum":"6700","AddNumFrom":"6652","AddNumTo":"6740","Side":"R","StPreDir":"N","StPreType":" ","StName":"80TH","StType":"ST","StDir":" ","StAddr":"6700 N 80TH ST","City":"MILWAUKEE","County":" ","State":"WI","StateAbbr":" ","ZIP":"53223","Country":"USA","LangCode":" ","Distance":0,"X":2530978.9841200002,"Y":421739.82671699999,"DisplayX":2530978.9841200002,"DisplayY":421739.82671699999,"Xmin":0,"Xmax":0,"Ymin":0,"Ymax":0,"ARC_Street":"6700 N 80th ST","ARC_City":"MILWAUKEE","ARC_State":"WI","ARC_ZIP":"53223","ADDRESS":"6700 N 80th ST","City_1":"MILWAUKEE","State_1":"WI","ZIP_1":53223,"SCH_ID":52,"SCHOOL_ID":52,"SCHOOL_NAM":"Morse MS for Gifted & Talented","SHORT_NAM":"Morse MS","SAGE":"N","CAPACITY_1":0,"SOS_Cluste":"Northwest","ENR_9_2019":430,"ENR_9_2017":310,"ENR_9_2016":315,"CLOSED":0,"OPENED":0,"IFAS_ID":" ","YR_RND":" ","CHOICE":0,"SCHOOL_TYP":"Public","PUBLIC_SCH":"Specialty-GT","SCHOOL_CLA":"6-8","MAPCLASS":"Public Schools","POOL":0,"NON_INSTRU":0,"VACANT":0,"CAP_ENROLL":0,"COMMENTS":"7/1/16 new location","BUILDING_N":"Morse MS","SIFI":0,"Trans_Type":" ","Active_Enr":33,"Active":1,"izones":"Zone 6","Montessori":0,"WorldLangu":1,"Immersion":0}},{"type":"Feature","id":148,"geometry":{"type":"Point","coordinates":[-88.008887462962363,43.137888958551798]},"properties":{"FID":148,"Status":"M","Score":100,"Match_type":"A","Match_addr":"7900 W ACACIA ST, MILWAUKEE, WI, 53223","Addr_type":"StreetAddress","AddNum":"7900","AddNumFrom":"7826","AddNumTo":"7998","Side":"R","StPreDir":"W","StPreType":" ","StName":"ACACIA","StType":"ST","StDir":" ","StAddr":"7900 W ACACIA ST","City":"MILWAUKEE","County":" ","State":"WI","StateAbbr":" ","ZIP":"53223","Country":"USA","LangCode":" ","Distance":0,"X":2531424.00556,"Y":421040.73641299998,"DisplayX":2531424.00556,"DisplayY":421040.73641299998,"Xmin":0,"Xmax":0,"Ymin":0,"Ymax":0,"ARC_Street":"7900 W ACACIA ST","ARC_City":"MILWAUKEE","ARC_State":"WI","ARC_ZIP":"53223","ADDRESS":"7900 W ACACIA ST","City_1":"MILWAUKEE","State_1":"WI","ZIP_1":53223,"SCH_ID":226,"SCHOOL_ID":226,"SCHOOL_NAM":"Milw Sign Language","SHORT_NAM":"Milw Sign Lang","SAGE":"Y","CAPACITY_1":540,"SOS_Cluste":"Northwest","ENR_9_2019":580,"ENR_9_2017":552,"ENR_9_2016":538,"CLOSED":0,"OPENED":0,"IFAS_ID":"SL","YR_RND":" ","CHOICE":0,"SCHOOL_TYP":"Public","PUBLIC_SCH":"Neighborhood","SCHOOL_CLA":"K4-8","MAPCLASS":"Public Schools","POOL":0,"NON_INSTRU":0,"VACANT":23,"CAP_ENROLL":564,"COMMENTS":" ","BUILDING_N":"Milw Sign Language","SIFI":0,"Trans_Type":"NS","Active_Enr":97,"Active":1,"izones":"Zone 1","Montessori":0,"WorldLangu":0,"Immersion":0}},{"type":"Feature","id":149,"geometry":{"type":"Point","coordinates":[-87.99908464231433,43.177851515339583]},"properties":{"FID":149,"Status":"M","Score":100,"Match_type":"A","Match_addr":"7171 W BROWN DEER RD, MILWAUKEE, WI, 53223","Addr_type":"StreetAddress","AddNum":"7171","AddNumFrom":"7001","AddNumTo":"7199","Side":"L","StPreDir":"W","StPreType":" ","StName":"BROWN DEER","StType":"RD","StDir":" ","StAddr":"7171 W BROWN DEER RD","City":"MILWAUKEE","County":" ","State":"WI","StateAbbr":" ","ZIP":"53223","Country":"USA","LangCode":" ","Distance":0,"X":2533690.2390100001,"Y":435664.07430899999,"DisplayX":2533690.2390100001,"DisplayY":435664.07430899999,"Xmin":0,"Xmax":0,"Ymin":0,"Ymax":0,"ARC_Street":"7171 W BROWN DEER RD","ARC_City":"MILWAUKEE","ARC_State":"WI","ARC_ZIP":"53223","ADDRESS":"7171 W BROWN DEER RD","City_1":"MILWAUKEE","State_1":"WI","ZIP_1":53223,"SCH_ID":999,"SCHOOL_ID":880,"SCHOOL_NAM":"HAPA at Happy Hill","SHORT_NAM":"HAPA at Happy Hill","SAGE":"N","CAPACITY_1":0,"SOS_Cluste":"Contracted","ENR_9_2019":605,"ENR_9_2017":563,"ENR_9_2016":0,"CLOSED":0,"OPENED":0,"IFAS_ID":" ","YR_RND":" ","CHOICE":0,"SCHOOL_TYP":"Contracted","PUBLIC_SCH":"Charter","SCHOOL_CLA":"K4-2","MAPCLASS":"Charter Schools","POOL":0,"NON_INSTRU":0,"VACANT":0,"CAP_ENROLL":0,"COMMENTS":" ","BUILDING_N":"HAPA (Happy Hill) - Leased\nHAPA (Happy Hill) - Leased\nHAPA (Happy Hill) - Leased","SIFI":0,"Trans_Type":" ","Active_Enr":0,"Active":0,"izones":"No Zone","Montessori":0,"WorldLangu":0,"Immersion":0}},{"type":"Feature","id":150,"geometry":{"type":"Point","coordinates":[-87.984859128771802,43.161041701822256]},"properties":{"FID":150,"Status":"M","Score":100,"Match_type":"A","Match_addr":"7878 N 60TH ST, MILWAUKEE, WI, 53223","Addr_type":"StreetAddress","AddNum":"7878","AddNumFrom":"7750","AddNumTo":"7998","Side":"R","StPreDir":"N","StPreType":" ","StName":"60TH","StType":"ST","StDir":" ","StAddr":"7878 N 60TH ST","City":"MILWAUKEE","County":" ","State":"WI","StateAbbr":" ","ZIP":"53223","Country":"USA","LangCode":" ","Distance":0,"X":2537631.58262,"Y":429630.649408,"DisplayX":2537631.58262,"DisplayY":429630.649408,"Xmin":0,"Xmax":0,"Ymin":0,"Ymax":0,"ARC_Street":"7878 N 60th ST","ARC_City":"MILWAUKEE","ARC_State":"WI","ARC_ZIP":"53223","ADDRESS":"7878 N 60th ST","City_1":"MILWAUKEE","State_1":"WI","ZIP_1":53223,"SCH_ID":360,"SCHOOL_ID":360,"SCHOOL_NAM":"Henry David Thoreau","SHORT_NAM":"Thoreau","SAGE":"Y","CAPACITY_1":484,"SOS_Cluste":"Northwest","ENR_9_2019":431,"ENR_9_2017":462,"ENR_9_2016":510,"CLOSED":0,"OPENED":0,"IFAS_ID":"TU","YR_RND":" ","CHOICE":0,"SCHOOL_TYP":"Public","PUBLIC_SCH":"Neighborhood","SCHOOL_CLA":"K4-8","MAPCLASS":"Public Schools","POOL":0,"NON_INSTRU":0,"VACANT":22,"CAP_ENROLL":631,"COMMENTS":" ","BUILDING_N":"Thoreau","SIFI":0,"Trans_Type":"RG","Active_Enr":84,"Active":1,"izones":"Zone 5","Montessori":0,"WorldLangu":0,"Immersion":0}},{"type":"Feature","id":151,"geometry":{"type":"Point","coordinates":[-88.028529419696724,43.154048144613057]},"properties":{"FID":151,"Status":"M","Score":100,"Match_type":"A","Match_addr":"7501 N GRANVILLE RD, MILWAUKEE, WI, 53224","Addr_type":"StreetAddress","AddNum":"7501","AddNumFrom":"7501","AddNumTo":"7599","Side":"L","StPreDir":"N","StPreType":" ","StName":"GRANVILLE","StType":"RD","StDir":" ","StAddr":"7501 N GRANVILLE RD","City":"MILWAUKEE","County":" ","State":"WI","StateAbbr":" ","ZIP":"53224","Country":"USA","LangCode":" ","Distance":0,"X":2526043.6845200001,"Y":426803.97054200002,"DisplayX":2526043.6845200001,"DisplayY":426803.97054200002,"Xmin":0,"Xmax":0,"Ymin":0,"Ymax":0,"ARC_Street":"7501 N GRANVILLE RD","ARC_City":"MILWAUKEE","ARC_State":"WI","ARC_ZIP":"53224","ADDRESS":"7501 N GRANVILLE RD","City_1":"MILWAUKEE","State_1":"WI","ZIP_1":53224,"SCH_ID":33,"SCHOOL_ID":448,"SCHOOL_NAM":"Harold S. Vincent Acceleration","SHORT_NAM":"Vincent Acceleration","SAGE":"N","CAPACITY_1":0,"SOS_Cluste":"High School","ENR_9_2019":60,"ENR_9_2017":92,"ENR_9_2016":1230,"CLOSED":0,"OPENED":0,"IFAS_ID":"VN","YR_RND":" ","CHOICE":0,"SCHOOL_TYP":"Public","PUBLIC_SCH":"Alternative","SCHOOL_CLA":"9-12","MAPCLASS":"Public Schools","POOL":0,"NON_INSTRU":0,"VACANT":24,"CAP_ENROLL":1335,"COMMENTS":"7/1/14 Commitment Sch","BUILDING_N":"Vincent","SIFI":4,"Trans_Type":"HS","Active_Enr":0,"Active":1,"izones":"Zone 7","Montessori":0,"WorldLangu":1,"Immersion":0}},{"type":"Feature","id":152,"geometry":{"type":"Point","coordinates":[-88.037162726292536,43.167272531070886]},"properties":{"FID":152,"Status":"M","Score":100,"Match_type":"A","Match_addr":"8251 N CELINA ST, MILWAUKEE, WI, 53224","Addr_type":"StreetAddress","AddNum":"8251","AddNumFrom":"8201","AddNumTo":"8299","Side":"L","StPreDir":"N","StPreType":" ","StName":"CELINA","StType":"ST","StDir":" ","StAddr":"8251 N CELINA ST","City":"MILWAUKEE","County":" ","State":"WI","StateAbbr":" ","ZIP":"53224","Country":"USA","LangCode":" ","Distance":0,"X":2523627.2042299998,"Y":431568.10784100002,"DisplayX":2523627.2042299998,"DisplayY":431568.10784100002,"Xmin":0,"Xmax":0,"Ymin":0,"Ymax":0,"ARC_Street":"8251 N CELINA ST","ARC_City":"MILWAUKEE","ARC_State":"WI","ARC_ZIP":"53224","ADDRESS":"8251 N CELINA ST","City_1":"MILWAUKEE","State_1":"WI","ZIP_1":53224,"SCH_ID":192,"SCHOOL_ID":192,"SCHOOL_NAM":"Lowell P Goodrich","SHORT_NAM":"Goodrich","SAGE":"N","CAPACITY_1":307,"SOS_Cluste":"Northwest","ENR_9_2019":362,"ENR_9_2017":329,"ENR_9_2016":283,"CLOSED":0,"OPENED":0,"IFAS_ID":"GO","YR_RND":" ","CHOICE":0,"SCHOOL_TYP":"Public","PUBLIC_SCH":"Neighborhood","SCHOOL_CLA":"K4-5","MAPCLASS":"Public Schools","POOL":0,"NON_INSTRU":0,"VACANT":21,"CAP_ENROLL":361,"COMMENTS":" ","BUILDING_N":"Goodrich","SIFI":0,"Trans_Type":"RG","Active_Enr":125,"Active":1,"izones":"Zone 3","Montessori":0,"WorldLangu":0,"Immersion":0}},{"type":"Feature","id":153,"geometry":{"type":"Point","coordinates":[-87.983113281898397,43.141341150460626]},"properties":{"FID":153,"Status":"M","Score":100,"Match_type":"A","Match_addr":"5700 W GREEN TREE RD, MILWAUKEE, WI, 53223","Addr_type":"StreetAddress","AddNum":"5700","AddNumFrom":"5600","AddNumTo":"5798","Side":"R","StPreDir":"W","StPreType":" ","StName":"GREEN TREE","StType":"RD","StDir":" ","StAddr":"5700 W GREEN TREE RD","City":"MILWAUKEE","County":" ","State":"WI","StateAbbr":" ","ZIP":"53223","Country":"USA","LangCode":" ","Distance":0,"X":2538270.8968199999,"Y":422463.87545499997,"DisplayX":2538270.8968199999,"DisplayY":422463.87545499997,"Xmin":0,"Xmax":0,"Ymin":0,"Ymax":0,"ARC_Street":"5700 W GREEN TREE RD","ARC_City":"MILWAUKEE","ARC_State":"WI","ARC_ZIP":"53223","ADDRESS":"5700 W GREEN TREE RD","City_1":"MILWAUKEE","State_1":"WI","ZIP_1":53223,"SCH_ID":81,"SCHOOL_ID":81,"SCHOOL_NAM":"Clara Barton","SHORT_NAM":"Barton","SAGE":"Y","CAPACITY_1":387,"SOS_Cluste":"Northwest","ENR_9_2019":254,"ENR_9_2017":291,"ENR_9_2016":317,"CLOSED":0,"OPENED":0,"IFAS_ID":"BA","YR_RND":" ","CHOICE":0,"SCHOOL_TYP":"Public","PUBLIC_SCH":"Neighborhood","SCHOOL_CLA":"K4-5","MAPCLASS":"Public Schools","POOL":0,"NON_INSTRU":0,"VACANT":19,"CAP_ENROLL":434,"COMMENTS":"7/1/2009, K4-6","BUILDING_N":"Barton","SIFI":0,"Trans_Type":"RG","Active_Enr":70,"Active":1,"izones":"Zone 3","Montessori":0,"WorldLangu":0,"Immersion":0}},{"type":"Feature","id":154,"geometry":{"type":"Point","coordinates":[-88.045145348323075,43.138379701331971]},"properties":{"FID":154,"Status":"M","Score":100,"Match_type":"A","Match_addr":"6644 N 107TH ST, MILWAUKEE, WI, 53224","Addr_type":"StreetAddress","AddNum":"6644","AddNumFrom":"6550","AddNumTo":"6778","Side":"R","StPreDir":"N","StPreType":" ","StName":"107TH","StType":"ST","StDir":" ","StAddr":"6644 N 107TH ST","City":"MILWAUKEE","County":" ","State":"WI","StateAbbr":" ","ZIP":"53224","Country":"USA","LangCode":" ","Distance":0,"X":2521745.0415500002,"Y":420990.59265499999,"DisplayX":2521745.0415500002,"DisplayY":420990.59265499999,"Xmin":0,"Xmax":0,"Ymin":0,"Ymax":0,"ARC_Street":"6644 N 107th ST","ARC_City":"MILWAUKEE","ARC_State":"WI","ARC_ZIP":"53224","ADDRESS":"6644 N 107th ST","City_1":"MILWAUKEE","State_1":"WI","ZIP_1":53224,"SCH_ID":267,"SCHOOL_ID":267,"SCHOOL_NAM":"Maple Tree","SHORT_NAM":"Maple Tree","SAGE":"Y","CAPACITY_1":312,"SOS_Cluste":"Northwest","ENR_9_2019":247,"ENR_9_2017":306,"ENR_9_2016":239,"CLOSED":0,"OPENED":0,"IFAS_ID":"MP","YR_RND":" ","CHOICE":0,"SCHOOL_TYP":"Public","PUBLIC_SCH":"Neighborhood","SCHOOL_CLA":"HS-5","MAPCLASS":"Public Schools","POOL":0,"NON_INSTRU":0,"VACANT":36,"CAP_ENROLL":330,"COMMENTS":" ","BUILDING_N":"Maple Tree","SIFI":2,"Trans_Type":"RG","Active_Enr":78,"Active":1,"izones":"Zone 5","Montessori":0,"WorldLangu":0,"Immersion":0}},{"type":"Feature","id":155,"geometry":{"type":"Point","coordinates":[-88.01795899909996,43.145171642690251]},"properties":{"FID":155,"Status":"M","Score":100,"Match_type":"A","Match_addr":"7001 N 86TH ST, MILWAUKEE, WI, 53224","Addr_type":"StreetAddress","AddNum":"7001","AddNumFrom":"6937","AddNumTo":"7035","Side":"L","StPreDir":"N","StPreType":" ","StName":"86TH","StType":"ST","StDir":" ","StAddr":"7001 N 86TH ST","City":"MILWAUKEE","County":" ","State":"WI","StateAbbr":" ","ZIP":"53224","Country":"USA","LangCode":" ","Distance":0,"X":2528940.35323,"Y":423636.58014199999,"DisplayX":2528940.35323,"DisplayY":423636.58014199999,"Xmin":0,"Xmax":0,"Ymin":0,"Ymax":0,"ARC_Street":"7001 N 86th ST","ARC_City":"MILWAUKEE","ARC_State":"WI","ARC_ZIP":"53224","ADDRESS":"7001 N 86th ST","City_1":"MILWAUKEE","State_1":"WI","ZIP_1":53224,"SCH_ID":344,"SCHOOL_ID":344,"SCHOOL_NAM":"Gilbert Stuart","SHORT_NAM":"Stuart","SAGE":"Y","CAPACITY_1":307,"SOS_Cluste":"Northwest","ENR_9_2019":307,"ENR_9_2017":309,"ENR_9_2016":330,"CLOSED":0,"OPENED":0,"IFAS_ID":"SU","YR_RND":" ","CHOICE":0,"SCHOOL_TYP":"Public","PUBLIC_SCH":"Neighborhood","SCHOOL_CLA":"K4-5","MAPCLASS":"Public Schools","POOL":0,"NON_INSTRU":0,"VACANT":8,"CAP_ENROLL":357,"COMMENTS":" ","BUILDING_N":"Stuart","SIFI":0,"Trans_Type":"RG","Active_Enr":110,"Active":1,"izones":"Zone 1","Montessori":0,"WorldLangu":1,"Immersion":0}},{"type":"Feature","id":156,"geometry":{"type":"Point","coordinates":[-88.022952359668977,43.13556848830352]},"properties":{"FID":156,"Status":"M","Score":100,"Match_type":"A","Match_addr":"6453 N 89TH ST, MILWAUKEE, WI, 53224","Addr_type":"StreetAddress","AddNum":"6453","AddNumFrom":"6451","AddNumTo":"6549","Side":"L","StPreDir":"N","StPreType":" ","StName":"89TH","StType":"ST","StDir":" ","StAddr":"6453 N 89TH ST","City":"MILWAUKEE","County":" ","State":"WI","StateAbbr":" ","ZIP":"53224","Country":"USA","LangCode":" ","Distance":0,"X":2527691.0994600002,"Y":420105.93555300002,"DisplayX":2527691.0994600002,"DisplayY":420105.93555300002,"Xmin":0,"Xmax":0,"Ymin":0,"Ymax":0,"ARC_Street":"6453 N 89th ST","ARC_City":"MILWAUKEE","ARC_State":"WI","ARC_ZIP":"53224","ADDRESS":"6453 N 89th ST","City_1":"MILWAUKEE","State_1":"WI","ZIP_1":53224,"SCH_ID":93,"SCHOOL_ID":93,"SCHOOL_NAM":"William George Bruce","SHORT_NAM":"Bruce","SAGE":"Y","CAPACITY_1":418,"SOS_Cluste":"Northwest","ENR_9_2019":252,"ENR_9_2017":256,"ENR_9_2016":228,"CLOSED":0,"OPENED":0,"IFAS_ID":"BU","YR_RND":" ","CHOICE":0,"SCHOOL_TYP":"Public","PUBLIC_SCH":"Neighborhood","SCHOOL_CLA":"HS-5","MAPCLASS":"Public Schools","POOL":0,"NON_INSTRU":0,"VACANT":34,"CAP_ENROLL":360,"COMMENTS":"7/1/2009, K4-5","BUILDING_N":"Bruce","SIFI":0,"Trans_Type":"RG","Active_Enr":52,"Active":1,"izones":"Zone 2","Montessori":0,"WorldLangu":0,"Immersion":0}},{"type":"Feature","id":157,"geometry":{"type":"Point","coordinates":[-88.028529419696724,43.154048144613057]},"properties":{"FID":157,"Status":"M","Score":100,"Match_type":"A","Match_addr":"7501 N GRANVILLE RD, MILWAUKEE, WI, 53224","Addr_type":"StreetAddress","AddNum":"7501","AddNumFrom":"7501","AddNumTo":"7599","Side":"L","StPreDir":"N","StPreType":" ","StName":"GRANVILLE","StType":"RD","StDir":" ","StAddr":"7501 N GRANVILLE RD","City":"MILWAUKEE","County":" ","State":"WI","StateAbbr":" ","ZIP":"53224","Country":"USA","LangCode":" ","Distance":0,"X":2526043.6845200001,"Y":426803.97054200002,"DisplayX":2526043.6845200001,"DisplayY":426803.97054200002,"Xmin":0,"Xmax":0,"Ymin":0,"Ymax":0,"ARC_Street":"7501 N GRANVILLE RD","ARC_City":"MILWAUKEE","ARC_State":"WI","ARC_ZIP":"53224","ADDRESS":"7501 N GRANVILLE RD","City_1":"MILWAUKEE","State_1":"WI","ZIP_1":53224,"SCH_ID":33,"SCHOOL_ID":33,"SCHOOL_NAM":"Harold S. Vincent","SHORT_NAM":"Vincent","SAGE":"N","CAPACITY_1":1518,"SOS_Cluste":"High School","ENR_9_2019":765,"ENR_9_2017":815,"ENR_9_2016":1230,"CLOSED":0,"OPENED":0,"IFAS_ID":"VN","YR_RND":" ","CHOICE":0,"SCHOOL_TYP":"Public","PUBLIC_SCH":"Neighborhood","SCHOOL_CLA":"9-12","MAPCLASS":"Public Schools","POOL":0,"NON_INSTRU":0,"VACANT":24,"CAP_ENROLL":1335,"COMMENTS":"7/1/14 Commitment Sch","BUILDING_N":"Vincent","SIFI":4,"Trans_Type":"HS","Active_Enr":56,"Active":1,"izones":"Zone 7","Montessori":0,"WorldLangu":1,"Immersion":0}},{"type":"Feature","id":158,"geometry":{"type":"Point","coordinates":[-88.02587461769869,43.110549863426904]},"properties":{"FID":158,"Status":"M","Score":100,"Match_type":"A","Match_addr":"5100 N 91ST ST, MILWAUKEE, WI, 53225","Addr_type":"StreetAddress","AddNum":"5100","AddNumFrom":"5000","AddNumTo":"5210","Side":"R","StPreDir":"N","StPreType":" ","StName":"91ST","StType":"ST","StDir":" ","StAddr":"5100 N 91ST ST","City":"MILWAUKEE","County":" ","State":"WI","StateAbbr":" ","ZIP":"53225","Country":"USA","LangCode":" ","Distance":0,"X":2527127.1669000001,"Y":410971.658895,"DisplayX":2527127.1669000001,"DisplayY":410971.658895,"Xmin":0,"Xmax":0,"Ymin":0,"Ymax":0,"ARC_Street":"5100 N 91st ST","ARC_City":"MILWAUKEE","ARC_State":"WI","ARC_ZIP":"53225","ADDRESS":"5100 N 91st ST","City_1":"MILWAUKEE","State_1":"WI","ZIP_1":53225,"SCH_ID":152,"SCHOOL_ID":152,"SCHOOL_NAM":"Engleburg","SHORT_NAM":"Engleburg","SAGE":"Y","CAPACITY_1":340,"SOS_Cluste":"Northwest","ENR_9_2019":306,"ENR_9_2017":279,"ENR_9_2016":333,"CLOSED":0,"OPENED":0,"IFAS_ID":"EG","YR_RND":" ","CHOICE":0,"SCHOOL_TYP":"Public","PUBLIC_SCH":"Neighborhood","SCHOOL_CLA":"K4-5","MAPCLASS":"Public Schools","POOL":0,"NON_INSTRU":0,"VACANT":12,"CAP_ENROLL":457,"COMMENTS":" ","BUILDING_N":"Engleburg","SIFI":0,"Trans_Type":"RG","Active_Enr":66,"Active":1,"izones":"Zone 2","Montessori":0,"WorldLangu":0,"Immersion":0}},{"type":"Feature","id":159,"geometry":{"type":"Point","coordinates":[-88.047615830159202,43.112146872892787]},"properties":{"FID":159,"Status":"M","Score":100,"Match_type":"A","Match_addr":"10825 W VILLARD AV, MILWAUKEE, WI, 53225","Addr_type":"StreetAddress","AddNum":"10825","AddNumFrom":"10801","AddNumTo":"10899","Side":"L","StPreDir":"W","StPreType":" ","StName":"VILLARD","StType":"AV","StDir":" ","StAddr":"10825 W VILLARD AV","City":"MILWAUKEE","County":" ","State":"WI","StateAbbr":" ","ZIP":"53225","Country":"USA","LangCode":" ","Distance":0,"X":2521309.6716499999,"Y":411416.87859099999,"DisplayX":2521309.6716499999,"DisplayY":411416.87859099999,"Xmin":0,"Xmax":0,"Ymin":0,"Ymax":0,"ARC_Street":"10825 W VILLARD AV","ARC_City":"MILWAUKEE","ARC_State":"WI","ARC_ZIP":"53225","ADDRESS":"10825 W VILLARD AV","City_1":"MILWAUKEE","State_1":"WI","ZIP_1":53225,"SCH_ID":301,"SCHOOL_ID":301,"SCHOOL_NAM":"Parkview","SHORT_NAM":"Parkview","SAGE":"Y","CAPACITY_1":361,"SOS_Cluste":"Northwest","ENR_9_2019":386,"ENR_9_2017":426,"ENR_9_2016":425,"CLOSED":0,"OPENED":0,"IFAS_ID":"PV","YR_RND":" ","CHOICE":0,"SCHOOL_TYP":"Public","PUBLIC_SCH":"Neighborhood","SCHOOL_CLA":"K4-5","MAPCLASS":"Public Schools","POOL":0,"NON_INSTRU":0,"VACANT":15,"CAP_ENROLL":418,"COMMENTS":" ","BUILDING_N":"Parkview","SIFI":0,"Trans_Type":"RG","Active_Enr":127,"Active":1,"izones":"Zone 4","Montessori":0,"WorldLangu":0,"Immersion":0}},{"type":"Feature","id":160,"geometry":{"type":"Point","coordinates":[-88.021167881658613,43.120604040345299]},"properties":{"FID":160,"Status":"M","Score":100,"Match_type":"A","Match_addr":"8718 W THURSTON AV, MILWAUKEE, WI, 53225","Addr_type":"StreetAddress","AddNum":"8718","AddNumFrom":"8700","AddNumTo":"8898","Side":"R","StPreDir":"W","StPreType":" ","StName":"THURSTON","StType":"AV","StDir":" ","StAddr":"8718 W THURSTON AV","City":"MILWAUKEE","County":" ","State":"WI","StateAbbr":" ","ZIP":"53225","Country":"USA","LangCode":" ","Distance":0,"X":2528296.6872100001,"Y":414664.78310399997,"DisplayX":2528296.6872100001,"DisplayY":414664.78310399997,"Xmin":0,"Xmax":0,"Ymin":0,"Ymax":0,"ARC_Street":"8718 W THURSTON AV","ARC_City":"MILWAUKEE","ARC_State":"WI","ARC_ZIP":"53225","ADDRESS":"8718 W THURSTON AV","City_1":"MILWAUKEE","State_1":"WI","ZIP_1":53225,"SCH_ID":94,"SCHOOL_ID":94,"SCHOOL_NAM":"William Cullen Bryant","SHORT_NAM":"Bryant","SAGE":"Y","CAPACITY_1":479,"SOS_Cluste":"Northwest","ENR_9_2019":206,"ENR_9_2017":232,"ENR_9_2016":212,"CLOSED":0,"OPENED":0,"IFAS_ID":"BY","YR_RND":" ","CHOICE":0,"SCHOOL_TYP":"Public","PUBLIC_SCH":"Neighborhood","SCHOOL_CLA":"K4-5","MAPCLASS":"Public Schools","POOL":0,"NON_INSTRU":0,"VACANT":40,"CAP_ENROLL":300,"COMMENTS":"7/1/2009, K4-5","BUILDING_N":"Bryant","SIFI":0,"Trans_Type":"RG","Active_Enr":51,"Active":1,"izones":"Zone 2","Montessori":0,"WorldLangu":0,"Immersion":0}},{"type":"Feature","id":161,"geometry":{"type":"Point","coordinates":[-88.017292558549983,43.101412156491527]},"properties":{"FID":161,"Status":"M","Score":100,"Match_type":"A","Match_addr":"4601 N 84TH ST, MILWAUKEE, WI, 53225","Addr_type":"StreetAddress","AddNum":"4601","AddNumFrom":"4571","AddNumTo":"4629","Side":"L","StPreDir":"N","StPreType":" ","StName":"84TH","StType":"ST","StDir":" ","StAddr":"4601 N 84TH ST","City":"MILWAUKEE","County":" ","State":"WI","StateAbbr":" ","ZIP":"53225","Country":"USA","LangCode":" ","Distance":0,"X":2529497.3368000002,"Y":407696.617753,"DisplayX":2529497.3368000002,"DisplayY":407696.617753,"Xmin":0,"Xmax":0,"Ymin":0,"Ymax":0,"ARC_Street":"4601 N 84th ST","ARC_City":"MILWAUKEE","ARC_State":"WI","ARC_ZIP":"53225","ADDRESS":"4601 N 84th ST","City_1":"MILWAUKEE","State_1":"WI","ZIP_1":53225,"SCH_ID":676,"SCHOOL_ID":880,"SCHOOL_NAM":"Hmong American Peace Academy","SHORT_NAM":"HAPA","SAGE":"N","CAPACITY_1":905,"SOS_Cluste":"Contracted","ENR_9_2019":787,"ENR_9_2017":1037,"ENR_9_2016":1327,"CLOSED":0,"OPENED":0,"IFAS_ID":"H4","YR_RND":" ","CHOICE":0,"SCHOOL_TYP":"Contracted","PUBLIC_SCH":"Charter","SCHOOL_CLA":"6-12","MAPCLASS":"Charter Schools","POOL":0,"NON_INSTRU":0,"VACANT":0,"CAP_ENROLL":599,"COMMENTS":"Non-Instr","BUILDING_N":" ","SIFI":0,"Trans_Type":"CH","Active_Enr":0,"Active":1,"izones":"No Zone","Montessori":0,"WorldLangu":0,"Immersion":0}},{"type":"Feature","id":162,"geometry":{"type":"Point","coordinates":[-88.022690109004557,42.979697654163978]},"properties":{"FID":162,"Status":"M","Score":100,"Match_type":"A","Match_addr":"3575 S 88TH ST, MILWAUKEE, WI, 53228","Addr_type":"StreetAddress","AddNum":"3575","AddNumFrom":"3501","AddNumTo":"3599","Side":"R","StPreDir":"S","StPreType":" ","StName":"88TH","StType":"ST","StDir":" ","StAddr":"3575 S 88TH ST","City":"MILWAUKEE","County":" ","State":"WI","StateAbbr":" ","ZIP":"53228","Country":"USA","LangCode":" ","Distance":0,"X":2529108.0218500001,"Y":363314.75507200003,"DisplayX":2529108.0218500001,"DisplayY":363314.75507200003,"Xmin":0,"Xmax":0,"Ymin":0,"Ymax":0,"ARC_Street":"3575 S 88th ST","ARC_City":"MILWAUKEE","ARC_State":"WI","ARC_ZIP":"53228","ADDRESS":"3575 S 88th ST","City_1":"MILWAUKEE","State_1":"WI","ZIP_1":53228,"SCH_ID":167,"SCHOOL_ID":167,"SCHOOL_NAM":"Milw Spanish Immersion-Lower campus","SHORT_NAM":"Milw Spanish Imm-Lower","SAGE":"N","CAPACITY_1":0,"SOS_Cluste":"Southwest","ENR_9_2019":320,"ENR_9_2017":426,"ENR_9_2016":1,"CLOSED":0,"OPENED":0,"IFAS_ID":" ","YR_RND":" ","CHOICE":0,"SCHOOL_TYP":"Public","PUBLIC_SCH":"Specialty-Immersion","SCHOOL_CLA":"2-5","MAPCLASS":"Public Schools","POOL":0,"NON_INSTRU":0,"VACANT":0,"CAP_ENROLL":0,"COMMENTS":"2nd campus","BUILDING_N":"ilw Spanish Imm-Lower","SIFI":0,"Trans_Type":" ","Active_Enr":137,"Active":1,"izones":"Zone 1","Montessori":0,"WorldLangu":0,"Immersion":1}},{"type":"Feature","id":163,"geometry":{"type":"Point","coordinates":[-88.025271027773556,43.097946709980064]},"properties":{"FID":163,"Status":"M","Score":100,"Match_type":"A","Match_addr":"9025 W LAWRENCE AV, MILWAUKEE, WI, 53225","Addr_type":"StreetAddress","AddNum":"9025","AddNumFrom":"8901","AddNumTo":"9099","Side":"L","StPreDir":"W","StPreType":" ","StName":"LAWRENCE","StType":"AV","StDir":" ","StAddr":"9025 W LAWRENCE AV","City":"MILWAUKEE","County":" ","State":"WI","StateAbbr":" ","ZIP":"53225","Country":"USA","LangCode":" ","Distance":0,"X":2527397.0634900001,"Y":406383.39159999997,"DisplayX":2527397.0634900001,"DisplayY":406383.39159999997,"Xmin":0,"Xmax":0,"Ymin":0,"Ymax":0,"ARC_Street":"9025 W LAWRENCE AV","ARC_City":"MILWAUKEE","ARC_State":"WI","ARC_ZIP":"53225","ADDRESS":"9025 W LAWRENCE AV","City_1":"MILWAUKEE","State_1":"WI","ZIP_1":53225,"SCH_ID":150,"SCHOOL_ID":150,"SCHOOL_NAM":"Ralph Waldo Emerson","SHORT_NAM":"Emerson","SAGE":"Y","CAPACITY_1":280,"SOS_Cluste":"Northwest","ENR_9_2019":232,"ENR_9_2017":261,"ENR_9_2016":227,"CLOSED":0,"OPENED":0,"IFAS_ID":"EM","YR_RND":" ","CHOICE":0,"SCHOOL_TYP":"Public","PUBLIC_SCH":"Neighborhood","SCHOOL_CLA":"K3-5","MAPCLASS":"Public Schools","POOL":0,"NON_INSTRU":0,"VACANT":35,"CAP_ENROLL":223,"COMMENTS":" ","BUILDING_N":"Emerson","SIFI":0,"Trans_Type":"RG","Active_Enr":101,"Active":1,"izones":"Zone 5","Montessori":0,"WorldLangu":0,"Immersion":0}},{"type":"Feature","id":164,"geometry":{"type":"Point","coordinates":[-88.033842501340771,42.979600027552301]},"properties":{"FID":164,"Status":"M","Score":100,"Match_type":"A","Match_addr":"3563 S 97TH ST, MILWAUKEE, WI, 53228","Addr_type":"StreetAddress","AddNum":"3563","AddNumFrom":"3541","AddNumTo":"3699","Side":"R","StPreDir":"S","StPreType":" ","StName":"97TH","StType":"ST","StDir":" ","StAddr":"3563 S 97TH ST","City":"MILWAUKEE","County":" ","State":"WI","StateAbbr":" ","ZIP":"53228","Country":"USA","LangCode":" ","Distance":0,"X":2526125.33354,"Y":363208.62410000002,"DisplayX":2526125.33354,"DisplayY":363208.62410000002,"Xmin":0,"Xmax":0,"Ymin":0,"Ymax":0,"ARC_Street":"3563 S 97th ST","ARC_City":"MILWAUKEE","ARC_State":"WI","ARC_ZIP":"53228","ADDRESS":"3563 S 97th ST","City_1":"MILWAUKEE","State_1":"WI","ZIP_1":53228,"SCH_ID":75,"SCHOOL_ID":75,"SCHOOL_NAM":"Louisa May Alcott","SHORT_NAM":"Alcott","SAGE":"N","CAPACITY_1":253,"SOS_Cluste":"Southwest","ENR_9_2019":309,"ENR_9_2017":331,"ENR_9_2016":360,"CLOSED":0,"OPENED":0,"IFAS_ID":"AL","YR_RND":" ","CHOICE":0,"SCHOOL_TYP":"Public","PUBLIC_SCH":"Neighborhood","SCHOOL_CLA":"K4-8","MAPCLASS":"Public Schools","POOL":0,"NON_INSTRU":0,"VACANT":19,"CAP_ENROLL":347,"COMMENTS":"7/1/2009, K4-8","BUILDING_N":"Alcott","SIFI":0,"Trans_Type":"RG","Active_Enr":143,"Active":1,"izones":"Zone 4","Montessori":0,"WorldLangu":0,"Immersion":0}},{"type":"Feature","id":165,"geometry":{"type":"Point","coordinates":[-88.061321103458624,43.1264198329119]},"properties":{"FID":165,"Status":"M","Score":100,"Match_type":"A","Match_addr":"12021 W FLORIST AV, MILWAUKEE, WI, 53225","Addr_type":"StreetAddress","AddNum":"12021","AddNumFrom":"11901","AddNumTo":"12199","Side":"L","StPreDir":"W","StPreType":" ","StName":"FLORIST","StType":"AV","StDir":" ","StAddr":"12021 W FLORIST AV","City":"MILWAUKEE","County":" ","State":"WI","StateAbbr":" ","ZIP":"53225","Country":"USA","LangCode":" ","Distance":0,"X":2517530.1636999999,"Y":416532.05709100002,"DisplayX":2517530.1636999999,"DisplayY":416532.05709100002,"Xmin":0,"Xmax":0,"Ymin":0,"Ymax":0,"ARC_Street":"12021 W FLORIST AV","ARC_City":"MILWAUKEE","ARC_State":"WI","ARC_ZIP":"53225","ADDRESS":"12021 W FLORIST AV","City_1":"MILWAUKEE","State_1":"WI","ZIP_1":53225,"SCH_ID":194,"SCHOOL_ID":194,"SCHOOL_NAM":"River Trail","SHORT_NAM":"River Trail","SAGE":"Y","CAPACITY_1":438,"SOS_Cluste":"Northwest","ENR_9_2019":373,"ENR_9_2017":458,"ENR_9_2016":427,"CLOSED":0,"OPENED":0,"IFAS_ID":"RT","YR_RND":"Y","CHOICE":0,"SCHOOL_TYP":"Public","PUBLIC_SCH":"Neighborhood","SCHOOL_CLA":"K4-8","MAPCLASS":"Public Schools","POOL":0,"NON_INSTRU":0,"VACANT":18,"CAP_ENROLL":559,"COMMENTS":" ","BUILDING_N":"River Trail","SIFI":0,"Trans_Type":"RG","Active_Enr":94,"Active":1,"izones":"Zone 5","Montessori":0,"WorldLangu":0,"Immersion":0}},{"type":"Feature","id":166,"geometry":{"type":"Point","coordinates":[-87.921845147435462,43.037688461239227]},"properties":{"FID":166,"Status":"M","Score":100,"Match_type":"A","Match_addr":"609 N 8TH ST, MILWAUKEE, WI, 53233","Addr_type":"StreetAddress","AddNum":"609","AddNumFrom":"601","AddNumTo":"699","Side":"L","StPreDir":"N","StPreType":" ","StName":"8TH","StType":"ST","StDir":" ","StAddr":"609 N 8TH ST","City":"MILWAUKEE","County":" ","State":"WI","StateAbbr":" ","ZIP":"53233","Country":"USA","LangCode":" ","Distance":0,"X":2555559.3109200001,"Y":385099.64927400002,"DisplayX":2555559.3109200001,"DisplayY":385099.64927400002,"Xmin":0,"Xmax":0,"Ymin":0,"Ymax":0,"ARC_Street":"609 N 8th ST","ARC_City":"MILWAUKEE","ARC_State":"WI","ARC_ZIP":"53233","ADDRESS":"609 N 8th ST","City_1":"MILWAUKEE","State_1":"WI","ZIP_1":53233,"SCH_ID":458,"SCHOOL_ID":458,"SCHOOL_NAM":"Project STAY","SHORT_NAM":"Proj STAY","SAGE":"N","CAPACITY_1":0,"SOS_Cluste":"High School","ENR_9_2019":230,"ENR_9_2017":254,"ENR_9_2016":211,"CLOSED":0,"OPENED":0,"IFAS_ID":"PS","YR_RND":" ","CHOICE":0,"SCHOOL_TYP":"Public","PUBLIC_SCH":"Alternative","SCHOOL_CLA":"9-12","MAPCLASS":"Public Schools","POOL":0,"NON_INSTRU":0,"VACANT":0,"CAP_ENROLL":0,"COMMENTS":" ","BUILDING_N":"Project Stay","SIFI":0,"Trans_Type":" ","Active_Enr":105,"Active":1,"izones":"Zone 6","Montessori":0,"WorldLangu":0,"Immersion":0}},{"type":"Feature","id":167,"geometry":{"type":"Point","coordinates":[-87.920340820451031,43.043019542442018]},"properties":{"FID":167,"Status":"M","Score":100,"Match_type":"A","Match_addr":"700 W STATE ST, MILWAUKEE, WI, 53233","Addr_type":"StreetAddress","AddNum":"700","AddNumFrom":"700","AddNumTo":"798","Side":"R","StPreDir":"W","StPreType":" ","StName":"STATE","StType":"ST","StDir":" ","StAddr":"700 W STATE ST","City":"MILWAUKEE","County":" ","State":"WI","StateAbbr":" ","ZIP":"53233","Country":"USA","LangCode":" ","Distance":0,"X":2555912.90803,"Y":387052.03767699999,"DisplayX":2555912.90803,"DisplayY":387052.03767699999,"Xmin":0,"Xmax":0,"Ymin":0,"Ymax":0,"ARC_Street":"700 W STATE ST","ARC_City":"MILWAUKEE","ARC_State":"WI","ARC_ZIP":"53233","ADDRESS":"700 W STATE ST","City_1":"MILWAUKEE","State_1":"WI","ZIP_1":53233,"SCH_ID":426,"SCHOOL_ID":1067,"SCHOOL_NAM":"MATC 118.15 Program","SHORT_NAM":"MATC","SAGE":"N","CAPACITY_1":0,"SOS_Cluste":"Contracted","ENR_9_2019":30,"ENR_9_2017":46,"ENR_9_2016":52,"CLOSED":0,"OPENED":0,"IFAS_ID":" ","YR_RND":" ","CHOICE":0,"SCHOOL_TYP":"Contracted","PUBLIC_SCH":"Alternative","SCHOOL_CLA":"9-12","MAPCLASS":"Partnership School","POOL":0,"NON_INSTRU":0,"VACANT":0,"CAP_ENROLL":0,"COMMENTS":"Emerging Scholars Program; At-Risk Students","BUILDING_N":" ","SIFI":0,"Trans_Type":" ","Active_Enr":0,"Active":1,"izones":"No Zone","Montessori":0,"WorldLangu":0,"Immersion":0}},{"type":"Feature","id":168,"geometry":{"type":"Point","coordinates":[-87.941641844194379,43.044422962391614]},"properties":{"FID":168,"Status":"M","Score":100,"Match_type":"A","Match_addr":"2300 W HIGHLAND AV, MILWAUKEE, WI, 53233","Addr_type":"StreetAddress","AddNum":"2300","AddNumFrom":"2300","AddNumTo":"2398","Side":"R","StPreDir":"W","StPreType":" ","StName":"HIGHLAND","StType":"AV","StDir":" ","StAddr":"2300 W HIGHLAND AV","City":"MILWAUKEE","County":" ","State":"WI","StateAbbr":" ","ZIP":"53233","Country":"USA","LangCode":" ","Distance":0,"X":2550207.8132000002,"Y":387422.10205599997,"DisplayX":2550207.8132000002,"DisplayY":387422.10205599997,"Xmin":0,"Xmax":0,"Ymin":0,"Ymax":0,"ARC_Street":"2300 W HIGHLAND AV","ARC_City":"MILWAUKEE","ARC_State":"WI","ARC_ZIP":"53233","ADDRESS":"2300 W HIGHLAND AV","City_1":"MILWAUKEE","State_1":"WI","ZIP_1":53233,"SCH_ID":38,"SCHOOL_ID":38,"SCHOOL_NAM":"Milw High School of the Arts","SHORT_NAM":"Milw HS - Arts","SAGE":"N","CAPACITY_1":911,"SOS_Cluste":"High School","ENR_9_2019":939,"ENR_9_2017":869,"ENR_9_2016":918,"CLOSED":0,"OPENED":0,"IFAS_ID":"MH","YR_RND":" ","CHOICE":0,"SCHOOL_TYP":"Public","PUBLIC_SCH":"Specialty-Arts","SCHOOL_CLA":"9-12","MAPCLASS":"Public Schools","POOL":0,"NON_INSTRU":0,"VACANT":10,"CAP_ENROLL":902,"COMMENTS":" ","BUILDING_N":"Milw HS - Arts","SIFI":0,"Trans_Type":"CW","Active_Enr":100,"Active":1,"izones":"Zone 8","Montessori":0,"WorldLangu":1,"Immersion":0}},{"type":"Feature","id":169,"geometry":{"type":"Point","coordinates":[-87.934152957259286,43.044416944730592]},"properties":{"FID":169,"Status":"M","Score":100,"Match_type":"A","Match_addr":"1706 W HIGHLAND AV, MILWAUKEE, WI, 53233","Addr_type":"StreetAddress","AddNum":"1706","AddNumFrom":"1700","AddNumTo":"1798","Side":"R","StPreDir":"W","StPreType":" ","StName":"HIGHLAND","StType":"AV","StDir":" ","StAddr":"1706 W HIGHLAND AV","City":"MILWAUKEE","County":" ","State":"WI","StateAbbr":" ","ZIP":"53233","Country":"USA","LangCode":" ","Distance":0,"X":2552209.1504099998,"Y":387469.40978099999,"DisplayX":2552209.1504099998,"DisplayY":387469.40978099999,"Xmin":0,"Xmax":0,"Ymin":0,"Ymax":0,"ARC_Street":"1706 W HIGHLAND AV","ARC_City":"MILWAUKEE","ARC_State":"WI","ARC_ZIP":"53233","ADDRESS":"1706 W HIGHLAND AV","City_1":"MILWAUKEE","State_1":"WI","ZIP_1":53233,"SCH_ID":428,"SCHOOL_ID":852,"SCHOOL_NAM":"Highland Community School","SHORT_NAM":"Highland","SAGE":"N","CAPACITY_1":0,"SOS_Cluste":"Contracted","ENR_9_2019":414,"ENR_9_2017":408,"ENR_9_2016":328,"CLOSED":0,"OPENED":0,"IFAS_ID":"HD","YR_RND":" ","CHOICE":0,"SCHOOL_TYP":"Contracted","PUBLIC_SCH":"Charter","SCHOOL_CLA":"K3-8","MAPCLASS":"Charter Schools","POOL":0,"NON_INSTRU":0,"VACANT":0,"CAP_ENROLL":182,"COMMENTS":"Non-Instr","BUILDING_N":"Highland","SIFI":0,"Trans_Type":"CH","Active_Enr":0,"Active":1,"izones":"No Zone","Montessori":1,"WorldLangu":0,"Immersion":0}},{"type":"Feature","id":170,"geometry":{"type":"Point","coordinates":[-87.921845147435462,43.037688461239227]},"properties":{"FID":170,"Status":"M","Score":100,"Match_type":"A","Match_addr":"609 N 8TH ST, MILWAUKEE, WI, 53233","Addr_type":"StreetAddress","AddNum":"609","AddNumFrom":"601","AddNumTo":"699","Side":"L","StPreDir":"N","StPreType":" ","StName":"8TH","StType":"ST","StDir":" ","StAddr":"609 N 8TH ST","City":"MILWAUKEE","County":" ","State":"WI","StateAbbr":" ","ZIP":"53233","Country":"USA","LangCode":" ","Distance":0,"X":2555559.3109200001,"Y":385099.64927400002,"DisplayX":2555559.3109200001,"DisplayY":385099.64927400002,"Xmin":0,"Xmax":0,"Ymin":0,"Ymax":0,"ARC_Street":"609 N 8th ST","ARC_City":"MILWAUKEE","ARC_State":"WI","ARC_ZIP":"53233","ADDRESS":"609 N 8th ST","City_1":"MILWAUKEE","State_1":"WI","ZIP_1":53233,"SCH_ID":27,"SCHOOL_ID":27,"SCHOOL_NAM":"New School Community Svc","SHORT_NAM":"New School","SAGE":"N","CAPACITY_1":273,"SOS_Cluste":"High School","ENR_9_2019":0,"ENR_9_2017":0,"ENR_9_2016":173,"CLOSED":0,"OPENED":0,"IFAS_ID":"NW","YR_RND":" ","CHOICE":0,"SCHOOL_TYP":"Public","PUBLIC_SCH":"Neighborhood","SCHOOL_CLA":"11-12","MAPCLASS":"Public Schools","POOL":0,"NON_INSTRU":0,"VACANT":-13,"CAP_ENROLL":370,"COMMENTS":"Other in bldg: New School for Community Service, Project STAY, Proj STAY Sr Inst","BUILDING_N":"Eighth St Multiplex","SIFI":0,"Trans_Type":"CW","Active_Enr":0,"Active":0,"izones":"No Zone","Montessori":0,"WorldLangu":0,"Immersion":0}},{"type":"Feature","id":171,"geometry":{"type":"Point","coordinates":[-87.923031170303005,43.042921729134058]},"properties":{"FID":171,"Status":"M","Score":100,"Match_type":"A","Match_addr":"949 N 9TH ST, MILWAUKEE, WI, 53233","Addr_type":"StreetAddress","AddNum":"949","AddNumFrom":"937","AddNumTo":"999","Side":"L","StPreDir":"N","StPreType":" ","StName":"9TH","StType":"ST","StDir":" ","StAddr":"949 N 9TH ST","City":"MILWAUKEE","County":" ","State":"WI","StateAbbr":" ","ZIP":"53233","Country":"USA","LangCode":" ","Distance":0,"X":2555194.8304599999,"Y":386998.47666099999,"DisplayX":2555194.8304599999,"DisplayY":386998.47666099999,"Xmin":0,"Xmax":0,"Ymin":0,"Ymax":0,"ARC_Street":"949 N 9th ST","ARC_City":"MILWAUKEE","ARC_State":"WI","ARC_ZIP":"53233","ADDRESS":"949 N 9th ST","City_1":"MILWAUKEE","State_1":"WI","ZIP_1":53233,"SCH_ID":411,"SCHOOL_ID":315,"SCHOOL_NAM":"Milw County Youth Ed Ctr","SHORT_NAM":"Mke Co.Youth Ed. Ctr","SAGE":"Y","CAPACITY_1":0,"SOS_Cluste":"High School","ENR_9_2019":21,"ENR_9_2017":44,"ENR_9_2016":33,"CLOSED":0,"OPENED":0,"IFAS_ID":"MY","YR_RND":" ","CHOICE":0,"SCHOOL_TYP":"Public","PUBLIC_SCH":"Alternative","SCHOOL_CLA":"6-12","MAPCLASS":"Public Schools","POOL":0,"NON_INSTRU":0,"VACANT":0,"CAP_ENROLL":0,"COMMENTS":"Not on Chart of Support but include on map, per Marla Bronaugh 7/2014.","BUILDING_N":" ","SIFI":0,"Trans_Type":" ","Active_Enr":1,"Active":1,"izones":"No Zone","Montessori":0,"WorldLangu":0,"Immersion":0}},{"type":"Feature","id":172,"geometry":{"type":"Point","coordinates":[-87.927154490466748,43.043504668749193]},"properties":{"FID":172,"Status":"M","Score":100,"Match_type":"A","Match_addr":"1017 N 12TH ST, MILWAUKEE, WI, 53233","Addr_type":"StreetAddress","AddNum":"1017","AddNumFrom":"1001","AddNumTo":"1099","Side":"L","StPreDir":"N","StPreType":" ","StName":"12TH","StType":"ST","StDir":" ","StAddr":"1017 N 12TH ST","City":"MILWAUKEE","County":" ","State":"WI","StateAbbr":" ","ZIP":"53233","Country":"USA","LangCode":" ","Distance":0,"X":2554087.6368399998,"Y":387183.44511799997,"DisplayX":2554087.6368399998,"DisplayY":387183.44511799997,"Xmin":0,"Xmax":0,"Ymin":0,"Ymax":0,"ARC_Street":"1017 N 12th ST","ARC_City":"MILWAUKEE","ARC_State":"WI","ARC_ZIP":"53233","ADDRESS":"1017 N 12th ST","City_1":"MILWAUKEE","State_1":"WI","ZIP_1":53233,"SCH_ID":399,"SCHOOL_ID":399,"SCHOOL_NAM":"Wisconsin Conservatory","SHORT_NAM":"WCLL","SAGE":"Y","CAPACITY_1":881,"SOS_Cluste":"High School","ENR_9_2019":403,"ENR_9_2017":656,"ENR_9_2016":632,"CLOSED":0,"OPENED":0,"IFAS_ID":"WC","YR_RND":"Y","CHOICE":0,"SCHOOL_TYP":"Public","PUBLIC_SCH":"Specialty","SCHOOL_CLA":"K4-12","MAPCLASS":"Public Schools","POOL":0,"NON_INSTRU":0,"VACANT":-10,"CAP_ENROLL":755,"COMMENTS":"Changed locations 7/1/12","BUILDING_N":"WCLL","SIFI":0,"Trans_Type":"CW","Active_Enr":81,"Active":1,"izones":"Zone 8","Montessori":0,"WorldLangu":1,"Immersion":0}},{"type":"Feature","id":173,"geometry":{"type":"Point","coordinates":[-87.943538934404899,43.038771408089374]},"properties":{"FID":173,"Status":"M","Score":100,"Match_type":"A","Match_addr":"2430 W WISCONSIN AV, MILWAUKEE, WI, 53233","Addr_type":"StreetAddress","AddNum":"2430","AddNumFrom":"2400","AddNumTo":"2498","Side":"R","StPreDir":"W","StPreType":" ","StName":"WISCONSIN","StType":"AV","StDir":" ","StAddr":"2430 W WISCONSIN AV","City":"MILWAUKEE","County":" ","State":"WI","StateAbbr":" ","ZIP":"53233","Country":"USA","LangCode":" ","Distance":0,"X":2549751.6379399998,"Y":385350.45050500002,"DisplayX":2549751.6379399998,"DisplayY":385350.45050500002,"Xmin":0,"Xmax":0,"Ymin":0,"Ymax":0,"ARC_Street":"2430 W WISCONSIN AV","ARC_City":"MILWAUKEE","ARC_State":"WI","ARC_ZIP":"53233","ADDRESS":"2430 W WISCONSIN AV","City_1":"MILWAUKEE","State_1":"WI","ZIP_1":53233,"SCH_ID":82,"SCHOOL_ID":103,"SCHOOL_NAM":"Milw Academy of Chinese Language","SHORT_NAM":"Mke Chinese Lang","SAGE":"Y","CAPACITY_1":779,"SOS_Cluste":"East","ENR_9_2019":486,"ENR_9_2017":509,"ENR_9_2016":444,"CLOSED":0,"OPENED":0,"IFAS_ID":" ","YR_RND":" ","CHOICE":0,"SCHOOL_TYP":"Public","PUBLIC_SCH":"Specialty-Chinese Lang.","SCHOOL_CLA":"K4-8","MAPCLASS":"Public Schools","POOL":0,"NON_INSTRU":0,"VACANT":0,"CAP_ENROLL":456,"COMMENTS":"Other: PLI, 7 families @ 108 per family (27 per room)","BUILDING_N":"MACL","SIFI":0,"Trans_Type":"CH","Active_Enr":60,"Active":1,"izones":"Zone 1","Montessori":0,"WorldLangu":1,"Immersion":0}},{"type":"Feature","id":174,"geometry":{"type":"Point","coordinates":[-87.978011502249373,43.141954310070339]},"properties":{"FID":174,"Status":"M","Score":100,"Match_type":"A","Match_addr":"6850 N 53RD ST, MILWAUKEE, WI, 53223","Addr_type":"StreetAddress","AddNum":"6850","AddNumFrom":"6800","AddNumTo":"6998","Side":"R","StPreDir":"N","StPreType":" ","StName":"53RD","StType":"ST","StDir":" ","StAddr":"6850 N 53RD ST","City":"MILWAUKEE","County":" ","State":"WI","StateAbbr":" ","ZIP":"53223","Country":"USA","LangCode":" ","Distance":0,"X":2539626.7027699999,"Y":422720.25605000003,"DisplayX":2539626.7027699999,"DisplayY":422720.25605000003,"Xmin":0,"Xmax":0,"Ymin":0,"Ymax":0,"ARC_Street":"6850 N 53rd ST","ARC_City":"MILWAUKEE","ARC_State":"WI","ARC_ZIP":"53223","ADDRESS":"6850 N 53rd ST","City_1":"MILWAUKEE","State_1":"WI","ZIP_1":53223,"SCH_ID":6001,"SCHOOL_ID":6001,"SCHOOL_NAM":"Milwaukee Virtual Education Program","SHORT_NAM":"Milw Virtual Ed Progam","SAGE":"N","CAPACITY_1":0,"SOS_Cluste":"Contracted","ENR_9_2019":0,"ENR_9_2017":0,"ENR_9_2016":0,"CLOSED":0,"OPENED":0,"IFAS_ID":" ","YR_RND":" ","CHOICE":0,"SCHOOL_TYP":"Public","PUBLIC_SCH":"Charter","SCHOOL_CLA":"9-12","MAPCLASS":"Partnership School","POOL":0,"NON_INSTRU":0,"VACANT":0,"CAP_ENROLL":0,"COMMENTS":"Non-Instr","BUILDING_N":"Webster","SIFI":0,"Trans_Type":" ","Active_Enr":10,"Active":1,"izones":"Zone 6","Montessori":0,"WorldLangu":0,"Immersion":0}}]}